title,created_at,text,retweet_count,favorite_count,date
GPT 제너레이션,2023-03-14,"[책] GPT 제너레이션(생각보다 매우 좋은 책), 고민하면 늦는다. 그냥 써라 (출처 : Enoch's n.. | 블로그) https://t.co/e1p8xN1Tp7",0,0,2023-03-19
구의 증명,2023-03-14,이중 구의 증명….. 정말 어깨 들썩이며 울었다. https://t.co/OX9mtIp9N4,0,0,2023-03-19
그대 늙어가는 것이 아니라 익어가는 것이다,2023-03-15,[인터파크 도서] 그대 늙어가는 것이 아니라 익어가는 것이다 | [모바일 인터파크도서 상품 상세] - https://t.co/ZZo0Z8PW39,0,0,2023-03-19
그대 늙어가는 것이 아니라 익어가는 것이다,2023-03-12,"기대를  낮추면 잃을 것보다  얻을 것이 더 많아진다. 비우지 않아야 할것은 단 하나, 삶에대한 열정뿐이다. . 그대 늙어가는 것이 아니라 익어가는 것이다中 . . 마음을 다스리는 중.🤣🤣 https://t.co/z79FA1JuVB",0,18,2023-03-19
그대 늙어가는 것이 아니라 익어가는 것이다,2023-03-09,"잊모닝 입니다~  💛🦋 오늘은 휴일근무 대체 휴무라서 좋으네요🤭 날씨도 제법 낮엔 봄날 같아요. 행복하고 즐거운 하루 되시길요 . 일찍핀 꽃도 봄이고,  늦게핀 꽃도 봄이듯이 일찍 피든 늦게피든  그 계절은… https://t.co/tdgrbKxsLa",0,38,2023-03-19
기분이 태도가 되지 않게,2023-03-19,알바 사모님 기분이태도가되지않게 얼스타그램 고수익 육아기록육아일기 https://t.co/4lBsp5X9Kp,0,0,2023-03-19
김미경의 마흔 수업,2023-03-17,김미경 너무 조급한 40대 위해 김미경의 마흔 수업 써 인생은 선택 아닌 수정이 실력 컬투쇼  https://t.co/O01rF1S2EG,0,0,2023-03-19
김미경의 마흔 수업,2023-03-17,오랜만에 글씨 써봅니다. 몽돌쌤의 엽서에 김미경의 마흔수업 책 속의 한줄을 적어 봅니다.  #김미경의마흔수업 #더몽돌 #엽서 #mohae_calligraphy  #나빛힐링캘리 https://t.co/91gff5zv9h,0,1,2023-03-19
김미경의 마흔 수업,2023-03-12,"""임업인들을 "" 위한 가공품시장조사 ""책한권""구입 ""김미경의 마흔수업 #서부의강자2023.03.12 #한국임업후계자협회 #임업후계자 #해밝음 #해밝음장애인복지회 #ESG #산림치유 #사회적농업 #치유농업사… https://t.co/buhpgKB4xo",0,0,2023-03-19
너의 이름은。,2023-03-19,스즈메 감상평: 오타쿠적으로도 너의 이름은 보다 낫고 영화로서도 너의 이름은 보다 나았음,0,0,2023-03-19
너의 이름은。,2023-03-19,스즈메의 문단속 후기  최근작은 너의 이름은만 봤는데 그것과 비교하면 조금 슴슴한 맛이라 평가가 갈릴만 한 느낌.  조금 민감할 수도 있는 대상인 10년정도 지난 대지진을 돌려서 표현한 부분이 놀라웠음  #스즈메의문단속,0,0,2023-03-19
너의 이름은。,2023-03-19,ㄹㅇ 테이프 가져오ㅏ서 스즈메 입을 막아야한다고 생각함… ㅅㅂ 뭐하묘…???? 난 너의이름은이 더 재밋던득 지진 묘사 사실적이래서 도쿄에서 크게한번 터지는줄 알앗는데 맨첨에 나온 그게 다엿구나ㅡ 개연성(이… https://t.co/93YeqcIvbU,0,0,2023-03-19
너의 이름은。,2023-03-19,너의 이름은 보러왔서여,0,3,2023-03-19
너의 이름은。,2023-03-19,@winter_V_bear 응 너의이름은 감독작품이라서 그 느낌나더라,0,2,2023-03-19
너의 이름은。,2023-03-18,@Ran_0109_44 그거 저거자나 너의 이름은 감독인가 작가인가,0,1,2023-03-19
너의 이름은。,2023-03-18,아니 저 스즈메의 문단속 봤는데 진짜.진짜 후유증 완전 남ㅇ아요... 엔딩 크레딧 올라가는데 멍 때리다가 울고 다시 멍 때리면서 노래 감상하다 울었어요.ㅜㅜㅡㅜ 보고 나서 계속 생각나고...... 암튼 재밌… https://t.co/7J2WKDMGNo,0,2,2023-03-19
너의 이름은。,2023-03-18,"어제 퇴근하고 스즈메의 문단속 봤는데 난 너의 이름은이 훨씬 좋았네. 날씨의 아이는 안 봤지만 3부작(?) 중 가장 직접적으로 주제를 다룬 느낌인데, 필요한 일이기도 하지만 그렇지 않음에도 메시지를 담아 전… https://t.co/beyp3C4XoN",0,1,2023-03-19
너의 이름은。,2023-03-18,너의 이름은 보는 중 https://t.co/GbZmiU6rfm,0,4,2023-03-19
너의 이름은。,2023-03-18,@BBB_liso 다같이 너의이름은 찍었네용 아무리 부르짖어도 만날수 없어버리기😢😢😢,0,1,2023-03-19
너의 이름은。,2023-03-18,@_dolpu 그 3개가 재난 시리즈물 이라고 듣긴 했어요 ㅎㅎ 저도 너의 이름은 보다는 스즈메가 더 재미있더라구요 넷플릭스에 있던데 시간나면 봐야겠네요 ㅎㅎ,0,0,2023-03-19
너의 이름은。,2023-03-18,@bemyae201117 저도 봤어요 2번😌 너의 이름은 만큼은 아니었지만 꽤 재밌게봤어요😊,0,1,2023-03-19
너의 이름은。,2023-03-18,@_dolpu 아 맞아요 반항기 묘사로 느껴지기도 했어요 ㅋㅋ 날씨의 아이는 제가 아직 못봤는데 재미있나요? 너의 이름은 봤어요.,0,1,2023-03-19
너의 이름은。,2023-03-17,@myong413 히히 너의이름은 보단 조금 아쉽긴하지만 재밌게 봤어용,0,0,2023-03-19
너의 이름은。,2023-03-17,그러고보니 너의이름은 부터 날씨의아이 스즈메까지 전부 재난관련이였구나,0,1,2023-03-19
너의 이름은。,2023-03-17,음 재난을 어떻게 풀어낼 것인가라는 부분은 &lt;스즈메의 문단속&gt;이 너무나 직설 화법을 써서 &lt;너의 이름은.&gt;이나 &lt;날씨의 아이&gt;보다 약하다고도 볼 수 있는데 연출력 면에서는 두 작품보다 발전해서 거장 반열에… https://t.co/McqXPIHS86,0,3,2023-03-19
너의 이름은。,2023-03-17,그냥 너의 이름은 책으로 하나 사고 나옴 https://t.co/MQchIluGoy,0,2,2023-03-19
너의 이름은。,2023-03-17,너의 이름은 다시 볼까,0,0,2023-03-19
너의 이름은。,2023-03-17,어제 애인한테 날씨의 아이 와인쿨러 마시면서 보자고 했는데 클라이막스 쯤 되서 잤음 ... 애인은 끝까지 봄 ... 근데 난 너의 이름은 보다가도 중간에 자서 뭔 얘긴지 잘 모름,0,0,2023-03-19
너의 이름은。,2023-03-17,“영화 너의 이름은 대표 장소 7곳” https://t.co/msSzMRTjPL,4,9,2023-03-19
너의 이름은。,2023-03-16,"오 신기하다. 사놓고 보지도 않고 방치해뒀던 날씨의 아이 블루레이 꺼내서 이거저거 보는 중인데, 날씨의 아이 엔딩 부분을 너의 이름은 황혼 씬을 참고했다는게 밝혀져... https://t.co/SaMa2kGzuu",0,1,2023-03-19
너의 이름은。,2023-03-16,@tensa____ 맞말.... 숨어서 들어야 하는 명곡 너의 이름은🥲,0,1,2023-03-19
너의 이름은。,2023-03-16,너의 이름은 전주 듣자마자 탈주햇어요,0,0,2023-03-19
너의 이름은。,2023-03-16,"덧) 소타가 지브리의 하울을 떠올리게 할 정도로 잘 생긴 건 아마도 어른의 사정이겠지만... 소타와 스즈메의 관계는 그저 '사랑 얘기'는 아닐 거라고 본다. ""연애 같은 건 아니다""는 스즈메의 대사도 있고.… https://t.co/UMm8vdoTJb",0,0,2023-03-19
너의 이름은。,2023-03-16,너의 이름은 볼 때의 느낌을 다시 느낄까봐 스즈메 못 보겠어 https://t.co/g4emt3UiGY,0,1,2023-03-19
너의 이름은。,2023-03-15,@paphy__ 완성도로 따지면 너의 이름은이 더 높고 여운으로 따지면 이게 더 긴 듯,0,0,2023-03-19
너의 이름은。,2023-03-15,@paphy__ 신카이마코토 vs 신카이마코토 구도인 게 어이 없긴 하지만  분명 &lt;너의 이름은.&gt;보다 호불호가 더 갈릴 작품인데 신기하긴 함,0,0,2023-03-19
너의 이름은。,2023-03-15,가족 이야기를 하고 싶었던 거라면 좀 더 가족 이야기에 내용을 할애했어야 하는 거 아닌가 싶은 생각도 들고 딱히 너의 이름은 이나 날씨의 아이 보다 좋은 작품이란 결론은 못내리겠다.,0,0,2023-03-19
너의 이름은。,2023-03-15,어릴땐 옷깃만 스쳐도 좋아하게 됨미당 그냥 저거 쓴 사람은 연애세포가 다 죽은거라서 그런거임 나도 너의 이름은 볼때 공감은 못하고 이해만 하고 봄 ㅠㅠ,0,0,2023-03-19
너의 이름은。,2023-03-15,@jarim_cos 정보:전 너의 이름은도 안봤습니다,0,0,2023-03-19
너의 이름은。,2023-03-15,@jhycompany ㄹㅇ..궁금함 나사실  너의이름은 보다가 잘뻔했거든..? 스즈메도그런거면 안볼라곸ㅋㄱㄱ 시달소같은거면 본다,0,1,2023-03-19
너의 이름은。,2023-03-15,2023-03-15-17-50  스즈메의 문단속 2번째 봤다 첫번째 봤을 때 잘 못봐서 다시 보니 확실히 이해된다 ㅎㅎ 덤으로 2주차 특전도 받았다 개인적으로 지향점이 다르지만 날씨의 아이와 동급 같다 물론… https://t.co/2xy0plMxOq,0,0,2023-03-19
너의 이름은。,2023-03-15,"너의이름은, 날씨의 아이보다 메세지가 있어서 좋은 듯",0,0,2023-03-19
너의 이름은。,2023-03-14,뭐 드립 빼고 네타도 빼고 말하면 날씨의 아이보다는 확실히 나았고 너의 이름은 보다도 괜찮긴한데...흥행 면에서는 넘을수 없을듯. 너의 이름은 의도한건 아니었지만 판타지와 일상의 밸런스가 아슬아슬하게 황밸이… https://t.co/jkRVD3xvNN,0,0,2023-03-19
너의 이름은。,2023-03-14,너의 이름은은 봤고 스즈메의 문단속은 곧 보러갈껀데 목걸이 갖고싶다 https://t.co/CDIHZh9E9j,0,0,2023-03-19
너의 이름은。,2023-03-14,@finne0013 나도 좋은 영화라고 느끼긴 했는데 울지는 않았어. 확실히 너의 이름은이나 날씨의 아이보다는 감동은 떨어지긴 했어,0,1,2023-03-19
너의 이름은。,2023-03-14,신카이 마코토 감독의 작품을 보고나면 늘 감정이 교차하며 뭉클하다 역시 기대만큼 뛰어난 영상미와 BGM 연출과 OST가 재미와 감동을 더해주며 완성도를 꽉채운다  엔딩크레딧 노래다 듣고나옴  기대이상이였던… https://t.co/C5aDVRQyjI,0,0,2023-03-19
너의 이름은。,2023-03-14,각성 다이진과 너의 이름은 ‘그 장면’ https://t.co/UjQqmw2CbC,0,0,2023-03-19
너의 이름은。,2023-03-14,난 한참 저 애니메이션 이름 뭐였지? 하다가 급생각이 떠올랐네 맞아 너의 이름은 핑크팬더였지😁,0,1,2023-03-19
너의 이름은。,2023-03-14,내가 마음에 들어하는 신스틸 : 이름이 멋져 : 종종 딜따보고 있다 : 나에게 수익을 안겨줄 너 : 너의 이름은 신스틸 https://t.co/lA3K2PG7Oo,0,0,2023-03-19
너의 이름은。,2023-03-14,@mutsukinokon 너의 이름은이 워낙 대단하긴 했어서... 근데 전 그 다음 작품 보는 내내 쓸데없이 여캐들 자꾸 벗겨대고 그러는게 좀 불편했어가지고...먼 내용인지도 모르겠고 ㅋㅋㅋ걍 작화만 이쁜.....,0,0,2023-03-19
너의 이름은。,2023-03-13,지난 날씨의 아이와 너의 이름은 에서 뮤직비디오 영화라는 평가를 받았던 랏도의 음악은 보란듯이 한걸음 백스테이지로 빠지면서 오히려 작품적으로는 관객들에게 더 다가가는데 성공했다,0,0,2023-03-19
너의 이름은。,2023-03-13,스즈메의 문단속 보고왓는데  볼만한듯? 너의이름은 이후로 좀 재밋게봣음 https://t.co/i81nCV8ri3,2,3,2023-03-19
너의 이름은。,2023-03-13,아아아아아맞다 스즈메 다이진이 고베 넘어가는 대교 건너는 거 뉴스 나오는 장면 뉴스 비지엠 너의 이름은 노래였음!!!,0,5,2023-03-19
너의 이름은。,2023-03-13,너의이름은과 스즈메의 문단속을 이어주는 명곡이 쓰였었군...  가자 가자 그래 가자 https://t.co/QmCRkFT2Dk,0,0,2023-03-19
너의 이름은。,2023-03-13,"휴가 나와서 스즈메 봤음  너의 이름은 날씨의 아이 극장에서 안봤는데 역시 극장에서 보는게 제일이긴 하네  영화관에 급식들밖에 없었는데, ""그래서 엄마 왜 죽음?"" 이라는 말을 엘리베이터에서 듣고 머리가 띵… https://t.co/ZprrZMkBN0",0,1,2023-03-19
너의 이름은。,2023-03-13,스즈메 후기 개인적으론 기대안하고봐서 그런지 너의 이름은 보다 재미있었던것같음 신카이 마코토 작품 특유의 색감과 배경 디자인은 정말 눈을 즐겁건 했음 https://t.co/vosjDiYJRn,0,1,2023-03-19
너의 이름은。,2023-03-13,울학교 도서관 ㄹㅈㄷ임... 세카코이랑 너의이름은이랑 너의췌장을먹고싶어인가도 있음,0,0,2023-03-19
너의 이름은。,2023-03-13,"예전에 찍었지 아마. 날씨의 아이도, 스즈메도 찍어보고 싶어.  너의 이름은.  타키. 모리님.  미츠하. 서리님  Photo. Me https://t.co/do9jBObFyG",1,10,2023-03-19
너의 이름은。,2023-03-13,@rollingdust8 제가 너의 이름은을 찍었던 곳에서도 한 번 도전해고고 싶습니다 엉엉,0,0,2023-03-19
너의 이름은。,2023-03-13,스즈메의 문단속 봤는데 다 좋은데 라스트는 좀 그러네요  아니 결국 ㅈ....  폐허신도 좋았고 연출도 날씨의 아이에 비하면 별로였다는데 그런건 잘 못느꼈습니다  여기갔다 저기갔다 왔다갔다 해서 여러모로 요… https://t.co/6IYVtIw3CV,0,0,2023-03-19
너의 이름은。,2023-03-13,@spada_510 저는 다른 세상의 사람들이 만난다는 의미긴 했어요. 별을 쫓는 아이 / 구름의 저편 / 너의 이름은 / 날씨의 아이의 경우 “만날리가 없는 이들의 우연한 만남”을 계속해서 강조했잖아요.… https://t.co/R7MURMDhR0,0,0,2023-03-19
너의 이름은。,2023-03-13,"@spada_510 근데 너의이름은 이전부터 스토리 전개가 너무 뻔하다고 생각해요. 스토리뿐만 아니라 음악, 작화도 평가요소지만 제일 중요한 스토리가 이전 대가들에 비해 너무 딸리지 않나 하는 생각이 드네요.",0,1,2023-03-19
너의 이름은。,2023-03-13,너의이름은 때도 느꼈지만 신카이 마코토가 자연재해를 계속해서 다루려고 하는 느낌이라 아 이사람... 제 2의 미야자키 하야오가 되고 싶어하는건가 싶다가도 그런거 치곤 러브라인을 빼놓지 않고 등장시켜서 ㅋㅋㅋㅋㅋㅋㅋㅋㅋㅋㅋㅋㅋㅋㅋㅋㅋㅋㅋㅋㅋㅋㅋㅋㅋ,0,3,2023-03-19
너의 이름은。,2023-03-12,너의이름은. 이건 비행기안에서 우연히 보다가 입틀막되고 울음이 나올 것 같았는데 결말 못보고 비행기에서 내림 ㅋㅋㅋ 그리고 다시 돌아가는 비행기에서 나머지 부분 봤었던듯 스즈메도 보면서 입틀막 ㅠㅠㅠ 혹시… https://t.co/lNrsfljwr9,0,0,2023-03-19
너의 이름은。,2023-03-12,@opticrom 아아… 표값도 표값인지라 아무래도 요즘 좀… 그렇겠군요. 전 재난 3부작(?) 중에선 스즈메의 문단속&gt;날씨의 아이&gt;너의 이름은.이었네요😄,0,1,2023-03-19
너의 이름은。,2023-03-12,"&lt;스즈메의 문단속&gt; 아쉽게 첫주 백만 돌파 못했네. 개봉 첫 날 스크린수 1,268개로 시작해서 일요일에 1486개 찍을 정도로 배급력 집중시켰는데 좌석판매율 20%대... &lt;너의 이름은.&gt; 때랑 비교하면… https://t.co/k0jW2jcO7s",0,0,2023-03-19
너의 이름은。,2023-03-12,늦었지만 스즈메의 문단속 후기 너의 이름은 말고 다른 작품을 봤던게 아니라서 그럴순 있겠지만 설정같은게 불친절해서 몬가몬가 아쉬웠다,0,0,2023-03-19
너의 이름은。,2023-03-12,오늘 홍대가서 너의 이름은 보고옴   #게친소 #ㄱㅊㅅ #ㄱㄷ #고딩 https://t.co/SY4mg1B7dj… https://t.co/T1YLsjZvNM,1,76,2023-03-19
너의 이름은。,2023-03-12,@zip5_ @_mechinnom 너의 이름은 보다 재밌냐,0,0,2023-03-19
너의 이름은。,2023-03-12,"@got_allrounder 흠, 그렇군요. 알려 주셔서 감사합니다. ’너의 이름은‘은 만화책으로 봤네요. 다른 작품들은 기회있으면 한번 봐야 겠군요.",0,3,2023-03-19
너의 이름은。,2023-03-12,@JJH_KRIC 너의 이름은 만큼 흥행할까...? 이런 정도긴 해도 생각보다 꽤 흥미롭기도 하고 내용도 꽤나 무거운 내용도 다루는지라 한번쯤은 보시는걸 추천드려요!😊,0,1,2023-03-19
너의 이름은。,2023-03-12,@Minseo_1210 제 갠적인 판단이긴 하지만 마코토 감독님 작품 내에서 나열하자면 너의 이름은 &gt; 스즈메 문단속 &gt; 날씨의 아이 이렇게 되지 않나 싶어요!,0,1,2023-03-19
너의 이름은。,2023-03-12,@__nunu__p ㅋㅎㅋㅋㅋ 진짜 개인적으로 날씨의 아이랑 너의 이름은 보다 재밌었음..,0,0,2023-03-19
너의 이름은。,2023-03-12,"탐라에 이제 슬슬 스즈메 후기가 조금씩 올라오길래 일본 현지서 미리 봤던 후기를 말하자면...   솔직하게 ""너의 이름은"" 때의 임팩트인지 사실 ""날씨의 아이""에 크게 인상 깊었던 점이 적었었다.  물론,… https://t.co/XCLze4ibpR",1,31,2023-03-19
너의 이름은。,2023-03-12,"이 구성,구조를 ‘너의 이름은’ ‘날씨의 아이’ ‘스즈메의 문단속’ 연속 세 번 써먹었다. 아니 그보다도 예전의 신카이 마코토 작품처럼 ‘한 개인의 개인적인 이야기’로는 더 이상 영화를 만들지 않는게 아쉽게… https://t.co/CMFoxsTOGB",2,0,2023-03-19
너의 이름은。,2023-03-12,"금요일에 일 끝나고 스즈메의 문단속 봤음.. 갠적으로 너의이름은보다 더 재밌었고,  어제 동네에서 엄마 모시고 가서 2회차 관람까지 했다👍🏻👍🏻 예매권 할인할때 2번 볼 분량 사놔서 본건데 만족.. 아무것도… https://t.co/OwaT1JFnkY",0,1,2023-03-19
너의 이름은。,2023-03-12,신카이 마코토  재난 '극복' 3부작에 이어~~  너의 이름은         2017 운석충돌 날씨의 아이         2019 폭우 스즈메의 문단속 2023 지진  만슬라… https://t.co/yvUdpK9Sm5,0,4,2023-03-19
너의 이름은。,2023-03-12,신카이 마코토  재난 '극복' 3부작에 이어~~  너의 이름은         2017 운석충돌 날씨의 아이         2019 폭우 스즈메의 문단속 2023 지진  만슬라… https://t.co/A2Y7pFl6tG,0,0,2023-03-19
너의 이름은。,2023-03-12,@ghiot 전 너의 이름은이랑 날씨의 아이보다 재밌었어요,0,0,2023-03-19
너의 이름은。,2023-03-12,&amp;lt;스즈메의 문단속&amp;gt;개봉 기념! &amp;lt;스즈메의 문단속&amp;gt;&amp;lt;너의 이름은.&amp;gt;공식굿즈  https://t.co/RTCcb47MQZ #와디즈오픈예정 #와디즈 #Wadiz,1,1,2023-03-19
너의 이름은。,2023-03-11,왜 소타가 의자로 변했을지도 고민해봄. 이건 얘가 성인인 이유도 포함 되어 있을듯. 아무래도 이전의 너의 이름은이나 날씨의 아이처럼 둘다 청소년일 경우 그 어느쪽도 감당을 못해주는 경우가 많았음. 특이 소타… https://t.co/Mvt6H1a4w4,0,1,2023-03-19
너의 이름은。,2023-03-11,첨언하자면  너의 이름은은 남주가 여주(이름 기억안남)을 구하고 스스로 구원하는 행동자체가 재난을 극복하는 것과 동시에 사랑의 확인이였고 날씨의 아이는 남주가 여주를 구하는 것이 모두가 한명을 버리는 상황에… https://t.co/rEzew64Yue,0,1,2023-03-19
너의 이름은。,2023-03-11,⭐️벨라앤루카스 앵콜 공연 너의 이름은 &amp; 말할 수 없는 비밀  💞 티켓팅 시작 예매링크 ▶️ https://t.co/cxkeWKnIIn   🎉교복이벤트!!  꼭 참여하세요^^ 📍03.24(금) 저녁7:30… https://t.co/yXHs1sHd5n,0,0,2023-03-19
너의 이름은。,2023-03-11,@Raeri_06S @Sj_Dhk_Lock 하... 전전전생의 내가 잘못했네. 너의 이름은! 을 외치며 살았어야 했는데.,0,1,2023-03-19
너의 이름은。,2023-03-11,@biion_vt 진짜 저믿고 한번보세요 진짜 이번에 너의이름은보다 더 미친놈이에요 몰입감도 더 쩔고요 지브리자체가 쩔지만 이번엔 진짜로 쩔어가지고 안보시면 진짜 인생 후회할수도 있어요 거기나오는 고얌미들도… https://t.co/Kk861mL2Rj,0,1,2023-03-19
너의 이름은。,2023-03-11,매우 개인적 스즈메 후기 너의 이름은. 같은 느낌 기대하면 약간 실망할 수 있음. 돈 있으면 한번 보는 것도 좋음.  에-!! 가 정말 많이 나옴..... 일본은 성인미자 커플에 대해 상대적으로 더 관대한가… https://t.co/xeeDJJ1y1w,0,1,2023-03-19
너의 이름은。,2023-03-11,스즈메의 문단속 후기  날씨의 아이나 너의 이름은 보다 더 재밌었다 특히 이전 작품인 날씨의 아이랑 비교하면 정말... 감독이 많이 고민한 것 같다  신카이 마코토 영화답게 눈은 정말 즐겁다 아이맥스로 또… https://t.co/ks0Eaw0PVI,0,0,2023-03-19
너의 이름은。,2023-03-11,중간중간 전개가 살짝 뜬금없었지만 역시 마코토! 라는 생각이 들었던 작품. 기대를 너무 크게했던 탓인가 너의 이름은보다는 살짝 아쉬웠던느낌....근데 특전 왜 다나갔냐고!!! 콤보도 나가고 특전도 나가고...개망했네,0,1,2023-03-19
너의 이름은。,2023-03-11,@linn1061_cos 개인적으론 너의이름은 만큼은 아니지만 역시 마코토! 하고 생각할법한 작품이었어요!,0,1,2023-03-19
너의 이름은。,2023-03-11,나 너무 하는게 없어서 불안증세옴;; 극 이엠에프피를 위해 책읽을때 듣기좋은 잔잔한 노래 추천해줘요 ㅃㄹ 심장 뛴다 안해주면 머리 감으러 갔다옴  너의 이름은 소설판읽을겁니다,0,3,2023-03-19
너의 이름은。,2023-03-11,너의 이름은 만큼 여운이 안남네,0,1,2023-03-19
너의 이름은。,2023-03-11,스즈메의 문단속...아쉽...너의이름은보다 아쉽당,0,1,2023-03-19
너의 이름은。,2023-03-11,스즈메의 문단속 뭔가 너의 이름은-날씨의 아이-스즈메의 문단속 이 중에서 몰입감은 가장 좋았던 것 같음,0,0,2023-03-19
너의 이름은。,2023-03-11,"@SEXYDH4989 개인적으로 스즈메는 너의 이름은과 감성이 맞닿아 있고, 날씨의 아이는 약간 결이 달랐어요. 그래도 좋은 작품이니까 추천드려요~ 그렇게나 감동받으셨다니 뭔가 저도 기분이 좋네요 😊",0,1,2023-03-19
너의 이름은。,2023-03-11,"@SEXYDH4989 마음과 공명하는 작품은 좋은 작품이죠! 너의 이름은.이나 날씨의 아이를 보셨는진 모르겠지만, 두 영화에서 보여줬던 그런 정서를 이번에도 잘 풀어낸 것 같아요",0,0,2023-03-19
너의 이름은。,2023-03-11,@zangsubo 날씨의 아이랑 너의 이름은 만든 감독님 작품이라서 가시는 것같아용,0,0,2023-03-19
너의 이름은。,2023-03-11,스즈메의 문단속 그래도.. 너의 이름은에서 자꾸 저질개그 하던거 없어서 좋았음 주제의식도 좀 과하다는 느낌도 있었지만 좋았음,0,0,2023-03-19
너의 이름은。,2023-03-11,야.. 스즈메 너의이름은에 이어서 레전드 찍었다 앞에사람들 다 엉엉 울던데.. 감동..,0,1,2023-03-19
너의 이름은。,2023-03-11,"영화는 한번 더 보고싶네요. 가슴이 웅장해진다는 표현이 적절한 영화입니다. 개인적으로 너의 이름은 보다 날씨의 아이를 재밌게 봤는데요, 날씨의 아이 만큼이나 재밌었습니다. 다들 한번씩 보시기를 꼭 추천드립니다!",0,1,2023-03-19
너의 이름은。,2023-03-11,하 너의 이름은 보고 눈물 또르륵...,0,1,2023-03-19
너의 이름은。,2023-03-11,OCN에서 너의 이름은 하네,0,0,2023-03-19
너의 이름은。,2023-03-11,토요일은 영화보는 날😆 날씨의 아이랑 너의 이름은 두개 다 재밌게봐서  기대된다☺️ https://t.co/JGxl3dOzxr,0,2,2023-03-19
너의 이름은。,2023-03-11,"@SoraTan_II 보다가 눈물 나올거같아서 천장 다섯 번 보고 시간 가는지도 몰랐어요,,, 개인적으로 날씨의 아이랑 너의 이름은보다 도 재밌었어용",0,1,2023-03-19
너의 이름은。,2023-03-11,@3Leaf__ 웅ㅠㅠ넘 기대되서 개봉하고 바로 봤지ㅠㅠ근데 점심에 봐서 특전은 못 받았어ㅠㅠ 나도 너의 이름은 급으로 좋았어 솔직히 딱히 기대 안 했는데 기대 이상으로 재미있었어ㅠㅠ노래도 좋고 진짜ㅠㅠ나라도 사진 찍고 올렸을거야 넘 귀여워,0,0,2023-03-19
너의 이름은。,2023-03-11,@mercurywizard12 아 그렇구낭! 그러고 보니깐 오늘 너의 이름은에 이어서 스즈메의 문단속도 보니깐 조만간 날씨의 아이도 봐야겠넹~,0,1,2023-03-19
너의 이름은。,2023-03-11,신카이 마코토 전작 너의 이름은 (10/10)-명작 날씨의 아이 (9/10)- 명작 언어의 정원 (8/10)-평작 초속 5 센티미터 (10/10)-명작  전작만 따라갔어도 명작이였건만,0,0,2023-03-19
너의 이름은。,2023-03-11,'더 퍼스트 슬램덩크' 381만명…국내 개봉 日애니 중 최고 흥행 https://t.co/GNSZHYpJD5 6년 만에 '너의 이름은.' 제치고 1위 https://t.co/Sd8K1nPKC9,0,0,2023-03-19
너의 이름은。,2023-03-10,스즈메의 문단속 후기  신카이 마코토 감독이 다시 한번 전설을 쓰셨습니다!! 작화는 제가 중학생시절 너의 이름은을 보았을때 느꼈던 웅장함을 다시 한번 경험하게 해주었으며 스토리는 뒤로 가면 갈수록 흥미진진해… https://t.co/hIgRu8Yw7s,2,4,2023-03-19
너의 이름은。,2023-03-10,@Endless_2365 너의 이름은 보단 살짝 부족한데 재탕가능 ㅋㅋㅋㅋ,0,1,2023-03-19
달러구트 꿈 백화점,2023-03-19,"#쿠마의_책읽기 - &lt;달러구트 꿈 백화점2, 이미예&gt;  모든 힘은 제가 가진 행복에서 나오고, 의욕도 행복해지고 싶다고 열망에서 나와요.~제가 하는 행동은 대부분 그저 내가 행복하기 위함이에요. 다른사람의… https://t.co/MQHQqOpOZF",0,0,2023-03-19
대성당,2023-03-15,대성당 다시 읽고 있어 ㅋ,0,0,2023-03-19
데미안,2023-03-19,사실 데미안 책이나 정보들을 모르고 보러왔기에 내용를 이해하기엔 좀 어려웠지만 그래도 넘버들이 진짜 좋았음,0,0,2023-03-19
데미안,2023-03-19,20230319 뮤지컬 #데미안 밤공 싱클레어 #김현진  데미안 #류동휘  자둘자막 현진데미안으로 잡은 줄 알았는데 싱클이었어... 그래도 싱클로 다시 보고싶었으니까 해피엔딩인걸로 🥲🥲 https://t.co/vfP0jjjbyM,0,12,2023-03-19
데미안,2023-03-19,230319 밤 데미안 자2️⃣ https://t.co/8otgemNU3c,0,4,2023-03-19
데미안,2023-03-19,230319 뮤지컬 데미안 🌙(=밤공)  관극일기 - 자첫/자막 오늘 밤공캐보:) 첨으로 데미안보러왔다 #다블의관극일기 https://t.co/37LCP1QxAC,0,6,2023-03-19
데미안,2023-03-19,#데미안 #김현진 #류동휘 230319 밤공 https://t.co/HFhDsufR2A,0,0,2023-03-19
데미안,2023-03-19,예.. 어제 봤던 뮤지컬은 데미안이구연.. 그래서 어제 그림 몇장 더 그렸었는데 그림 주제가 살짝 언행불일치라 쪽팔려서 안올렸었는데 그냥 올릴래여... https://t.co/q1Mw6bL3Qg,4,16,2023-03-19
데미안,2023-03-18,"""새는 알을 깨고 나온다. 알은 새의 세계다. 태어나려는 자는 하나의 세계를 파괴해야만 한다..."" 헤르만 헤세의 &lt;데미안&gt;   알을 깨트리지 않으면 새는 하늘을 날 수 없겠지? 질시ㆍ반목의 한ㆍ일 관계도… https://t.co/c6jmf5hCFd",0,0,2023-03-19
데미안,2023-03-18,데미안 언제 이렇게 컸나ㅜㅜㅠ,0,0,2023-03-19
데미안,2023-03-18,"@1214_june 꺅😂 함께 말씀 나눌 수 있는, 머지 않은 미래를 떠올리며 고대해봄댜~~!! (저는 수업으로 읽어야해서 두 책 모두 아주아주 질령이 난 상태라ㅠㅠ) 전 &lt;데미안&gt;이 끌려서 좋은 번역본으로 읽어보려 합니다. 곧 말씀 나누어 보아용~*",0,1,2023-03-19
데미안,2023-03-18,그러고보니 데미안이 뒤틀리면 푸별일수도 있다는 추측도 있더라,0,1,2023-03-19
데미안,2023-03-18,230318 밤공 뮤지컬 데미안 씅데미안 자첫자막 https://t.co/nrfm2DIXlq,0,26,2023-03-19
데미안,2023-03-18,230318 데미안 자5 https://t.co/ZgQdnQVXBV,0,5,2023-03-19
데미안,2023-03-17,"오늘, 현진데미안과 뮤지컬 &lt;데미안&gt;을 응원해주셔서 정말 고맙습니당! 놀랍게도! 오늘이 현진데미안과 규학싱클레어의 첫공이었는데! 덕분에, 든든하게 그 설레는 그 여정을 잘 마칠 수 있었습니다! 훔치지 않은… https://t.co/Yu3Q0GeTE6",187,188,2023-03-19
데미안,2023-03-17,@www_hwa 데미안,0,0,2023-03-19
데미안,2023-03-17,데미안 한번은 보고 싶기도 한데. 난 근데 이해 못가는 극이 요새 별로라 콩알이나 챠밍 궁금하긴 한데,0,0,2023-03-19
데미안,2023-03-17,@lbada_commu 3개 모으면 데미안의 표식이 생기면서 턴당 공격력 증가 버프가 걸리는데 안 모으면 크로머한테 압도 당해서 공격력이였나 방어력 하락해요.,0,0,2023-03-19
데미안,2023-03-15,아 근데 왠지 나중에 데미안이랑 싸울 삘인데,0,0,2023-03-19
데미안,2023-03-15,#뮤지컬 #데미안 #23년3월15일 #류동휘 #유승현  오늘은 유독 여러가지 생각이 들었다. 싱클레어가 만나는 사람들을 따라가면서 그 인물들에게 하고 싶은 질문들이 머릿속에 많이 떠올랐는데.  아직은 답을… https://t.co/6Qiq8PI3IA,0,0,2023-03-19
데미안,2023-03-15,데미안 전기 | 신작 RPG 모바일게임 | 출시 전 사전예약 이벤트 소식 #겜생 https://t.co/tQ6J8nBWAQ 출처 @YouTube   #모바일게임 #데미안전기 #RPG #방치 #게임 #신작게임… https://t.co/gUVOehUNqn,0,0,2023-03-19
데미안,2023-03-15,#데미안 230315 #박새힘 #홍나현 https://t.co/Pn95qC4fEi,0,0,2023-03-19
데미안,2023-03-15,@JOEL0116 아앗 ㅋㅋㅋㅋ 1월에 시작한 데미안이 3월에 나오는 거 보면..  5월쯤…?  윌3 두장이나 잡았다가 놨다는 건 안 비밀 ㅠㅠ 언니 위층에서 허리 건강 잘 챙기시옵소서.  듣자 하니 거기… https://t.co/1dFy4ALlfo,0,0,2023-03-19
데미안,2023-03-15,데미안 전기(Demian Saga) - 제이든(Jayden) https://t.co/SlByOZOY9J,1,24,2023-03-19
데미안,2023-03-15,데미안 전기(Demian Saga) - 신시아(Cynthia) https://t.co/wlIwMr8wTl,83,724,2023-03-19
데미안,2023-03-15,데미안 전기(Demian Saga) - 레오 칸(Leo Khan) https://t.co/ChjzZA6UiI,178,2078,2023-03-19
데미안,2023-03-15,데미안 전기(Demian Saga) - 랑그(Langue) https://t.co/cFNSumH8Qj,2,30,2023-03-19
데미안,2023-03-15,데미안 전기(Demian Saga) - 소피아(Sophia) https://t.co/t9j1KoWoQy,3,26,2023-03-19
데미안,2023-03-15,데미안 전기(Demian Saga) - 세레나 클레로(Serena Clero) https://t.co/x1J3XH50Pq,21,236,2023-03-19
데미안,2023-03-15,데미안 전기(Demian Saga) - 라퓨셀(LaPucell) https://t.co/mWQnFbZUJP,1,13,2023-03-19
데미안,2023-03-15,데미안 전기(Demian Saga) - 그레이스(Grace) https://t.co/L1605PWI7E,17,122,2023-03-19
데미안,2023-03-15,데미안 전기(Demian Saga) - 닥터. 스파키(Dr. Sparky) https://t.co/ZCpUquXBGh,1,13,2023-03-19
데미안,2023-03-15,데미안 전기(Demian Saga) - 오벨리스크(Obelisk) https://t.co/FHfTuFBVPx,33,302,2023-03-19
데미안,2023-03-15,데미안 전기(Demian Saga) - 다크 칼리(Dark Kali) https://t.co/JRemMKtrZk,4,63,2023-03-19
데미안,2023-03-15,데미안 전기(Demian Saga) - 제노스(Xenos) https://t.co/DgiWIHoFxM,3,37,2023-03-19
데미안,2023-03-15,13. 헤르만 헤세 데미안,0,0,2023-03-19
데미안,2023-03-14,"림컴은...역할을 다한 애들도 다 끌고 가기로 처음부터 정했던 걸까... 만일 안그랬으면 싱클은 어떻게 되는건가...데미안이,잘 크면널신부로맞이하러올게(그런말안했음)라고 했는데 중간에 팽당하는 거였으면 키잡… https://t.co/oLwwMtsXSr",0,0,2023-03-19
데미안,2023-03-14,@jongie_note 종합장님! 요즘 투두보고 현생 열심히 사시는구나 싶어져서 본받게 돼요! 얼마든지 편하게 말 걸어주셔요  그리고 저도 데미싱클에 적잖은 관심이 있답니다... 특히 누구보다 완전한 데미안… https://t.co/zgPwNzZuKV,0,0,2023-03-19
데미안,2023-03-13,알은 세계다 태어나려는 자는 한 세계를 깨뜨려야 한다 - 데미안 https://t.co/KrmITztMQs,0,0,2023-03-19
데미안,2023-03-12,아니 나진짜 카지노 소재 보면 사람들이 맨날 눈을 감아 전공자. 하면서 나만의 데미안이 되어줌 이게너무웃김,0,3,2023-03-19
데미안,2023-03-12,nas랑 같이했던 앨범듣고 좋아했지만 데미안은 독보적임,0,0,2023-03-19
데미안,2023-03-12,워즈 칼리파 피쳐링한 곡을 조금 더 애정함 &gt;_&lt; 말리 형제들중에 스테판&amp;데미안 곡을 애정함  알 랍 저메이카,0,0,2023-03-19
데미안,2023-03-12,"더글로리 강현남 아주머니가 데미안을 레미안으로 기억했던 이유도, 딸도 남편도 없는 텅빈 집에 딸이 장난스럽게 책 제목에 스티커를 붙여 레미안으로 만들어논 것 때문이었단걸 기억해내는 것도... 따사롭고 슬펐다",0,0,2023-03-19
데미안,2023-03-12,레게음악의 끝은 데미안 말리 횽인듯 술 마시며 듣다보면 해뜸..그리고 좃됨,0,1,2023-03-19
데미안,2023-03-12,@doks_ll !! 시계토끼 데미안 너무 너무 좋아요 어떡하죠... 존을 히어로 세계로 처음 이끈 데미안 시계토끼....너모 조와요 ㅠ  (갑작스런 멘션 죄송함니다 짱이에요...(. ❛ ᴗ ❛.)),0,1,2023-03-19
데미안,2023-03-12,"문득 원작 싱클의 취향은....데미안의 어머니였는데.. 림컴 데미안이, 당신이 이번에 싱클을 길들여줄 사람이구나 함 -&gt; 단테....연상의 여인일 가능성이...(ㅈㄴ아님",1,3,2023-03-19
데미안,2023-03-12,내 손바닥만한 데미안 https://t.co/3yJaWFxmz3,0,1,2023-03-19
데미안,2023-03-12,"난, 그 과수원 (오차드씨앤씨?!🤣) 주인을 아주 잘 알고 있어. 그 주인은 지금 아주 기뻐하고 있어. 왜? 사과를 선물 받아서, 나무가 될 꽃과 씨앗을 얻어서! 현진싱클/데미안과 뮤지컬 &lt;데미안&gt;을 응원해… https://t.co/samOOMHLts",178,175,2023-03-19
데미안,2023-03-12,데미안 기억이가 안난다 언제 다시 읽어봐야...,0,0,2023-03-19
데미안,2023-03-12,ㅁㅊ 근데 난 예나 지금이나 데미안을 이해는 못하겠음 내가 이해했다 그랬었다면 그건 다 허세고가식이었음,0,0,2023-03-19
데미안,2023-03-12,갑자기 데미안 보고 싶어짐 보러갈게요,0,1,2023-03-19
데미안,2023-03-12,230312  데미안 자막을 뒤로하고  인터뷰 자1️⃣ https://t.co/oKLQsYYspK,0,5,2023-03-19
데미안,2023-03-12,데미안 아냐? https://t.co/EiEf0F3G7a,0,2,2023-03-19
데미안,2023-03-12,데미안이 느껴짐(ㅈㄴ,0,0,2023-03-19
데미안,2023-03-12,20230312 뮤지컬 #데미안 낮공 싱클레어 #김현진 데미안 #류동휘  나도 드디어 현진싱클 자첫 🕊 https://t.co/cPrsDcZw4A,0,24,2023-03-19
데미안,2023-03-12,230225 뮤지컬 데미안 스페셜 커튼콜 ‘이어진 꿈’  데미안 | 이한별 https://t.co/6o8o3EyGOm,3,0,2023-03-19
데미안,2023-03-12,230225 뮤지컬 데미안 스페셜 커튼콜 ‘이어진 꿈’  싱클레어 | 홍나현 https://t.co/vwHsETv5EW,1,1,2023-03-19
데미안,2023-03-11,데미안도 못보고 종의 기원도 못보고 타락천사도 못보고 루드윅도  못봄  그런데 내가 매주 대학로에 갔음.  이게 뭐야,0,1,2023-03-19
데미안,2023-03-11,"메이플 띠부씰, 딱지 일괄 싸게 판매해요! 메르세데스 딱지 릴리노흐 데비존, 다일(미개봉), 수리로봇(미개봉) 레드 드레곤터틀, 분노의 에르다스 7개 일괄 0.6 cu반택- 0.18 ⚠️뎀 멘션 둘다 부탁드… https://t.co/SvPP9VXCma",0,0,2023-03-19
데미안,2023-03-10,작년 3월 11일엔 데미안허스트 전시를 보러갔었군 https://t.co/OJNNG6x4f8,0,6,2023-03-19
데미안,2023-03-10,나 슬슬 학창 시절에 읽은 데미안 까먹어가면서 ‘아무튼 싱클레어가 솜브레로를 쓰고 마라카스를 흔들지 않나...?’←이러고 있음(ㅈㄴ,0,0,2023-03-19
데미안,2023-03-10,* 100 데이 플래너 옵션 추가로 재업합니다  만년필 사용 가능한 노트/종이/편지 2권부터 5권까지 묶음 구매 시 최대 30% 할인!  ▪ 기본 줄노트 부터 데미안의 편지까지 ▪ 극대노 다이어리부터 독중감… https://t.co/yGn321T88a,14,5,2023-03-19
데미안,2023-03-09,하.. i learned from the best? 실화냐 행복하다 감동이야  부자가 이러고 있으니까 웃기다 행복한 결말이네ㅋㅋㅋㅋ 이제 야구도 제법하고ㅋㅋㅋㅋㅋ 데미안ㅋㅋㅋ 은근 껄렁하단말이지… 하 존이랑… https://t.co/MI0iRJ2vT1,0,0,2023-03-19
데미안,2023-03-09,하하 숲 성질났다 그러고 보니 애니메이티드 시리즈 초반부에는 숲 제법 신경질적이던디 후반부로 와서는 또 다정해졌네… 하 데미안 인정하기 싫어도 진짜 조금은 야 니아빠 쿨하다 이 생각 했을 거 같음ㅋㅌㅋ ㅌㅋ… https://t.co/Llyv0bP3Nd,0,0,2023-03-19
데미안,2023-03-09,음 불가사리는 물이 약점이구나… 데미안 진짜 얄미운데 점점 귀여워보임ㅋㅋㅋㅋㅋ 그리고 빡세게 키우니까 조나단이 점점 능력 발달하는 것도 보이는듯ㅋㅌㅋㅋ 아니 근데 조나단이 능력이 있을거라고 굳게 믿는것도 웃… https://t.co/3AwZY7rNVZ,0,0,2023-03-19
데미안,2023-03-09,하 이 정도 상황은 되어줘야 데미안이 조나단이랑 팀업을 하짘ㅋㅋ 아니 멜빈이 상황이 나쁘다고 꼭 걔가 남들 줘패고 시비거는 거 받아줘야한다는 뜻은 아니지… 교장쌤 일 진짜 못하세요 하 엄마 이상한디… 데미안… https://t.co/yBiuNLWAs1,0,0,2023-03-19
데미안,2023-03-09,하아아아 넘 귀여워 안경이랑 후드 실화냐? 넘 귀여워…. 그리고 왜 숲팸은 다 괴롭힘 당하는거냐? 숲애들이 순하게 생겨서 그런가…  데미안이… 씁 그래도 데미안이 나쁜애는 아니예요라고 말하고 싶다 하 뱃시…… https://t.co/a2v6XWorI4,0,0,2023-03-19
데미안,2023-03-09,데미안 머리에 뿔 뭐냐?ㅋㅌㅋㅋㅋㅋㅋㅋㅋ 그리고 레전드 성질머리임ㅋㅋㅋㅋㅋ 하 그려진다 이 조합이… 걍 생각했던 그대로임  아니근데지금보니얘네 자기네 아빠를 쏙 빼닮았넼ㅋㅋㅋㅋㅋㅋ  이 친구는 누구야? 도나… https://t.co/S3M6oxVKOk,0,0,2023-03-19
데미안,2023-03-09,숲 완전 빠르잖엌ㅋㅋㅋ 그리고 휴 조나단도 곧 능력 생길거같은데… 능력이 있을지 없을지 둘이 조마조마하던것도 궁금하다 우와 저리다~ ㅇㄴ 와치타워가 날아다니는 거였어? 그리고 일본 쓰나미도 구하는구나… 아 침입자ㅋㅋㅋ 데미안일까봐 웃김,0,0,2023-03-19
데일 카네기 인간관계론,2023-03-13,어월 커뮤니티에게 꼭 소개해주고싶은 책 데일카네기 인간관계론.  20살에 이 책을 읽고 난 후부터 많은 게 바뀌었음.  #Bookrecommendation #CommunitynEarn… https://t.co/Wf69unj2U1,0,8,2023-03-19
만들어진 신,2023-03-19,만들어진 신,0,0,2023-03-19
만들어진 신,2023-03-18,'데우스 엑스 마키나'라는 말을 알고 있니? 기계 장치로 만들어진 신. 어떤 고난과 문제도 등장하기만 하면 해결해버리는 존재. 너와 딱 어울리는 말이야. 카미카미야.,0,0,2023-03-19
만들어진 신,2023-03-17,'데우스 엑스 마키나'라는 말을 알고 있니? 기계 장치로 만들어진 신. 어떤 고난과 문제도 등장하기만 하면 해결해버리는 존재. 너와 딱 어울리는 말이야. 카미카미야.,0,0,2023-03-19
물고기는 존재하지 않는다,2023-03-18,원피스피규어 열정가득한 논산시호프집 물고기는존재하지않는다 대나무베기 경주시횟집 꿀바른목소리 경남태권도협회장기 https://t.co/trOUO8YnoX,0,0,2023-03-19
물고기는 존재하지 않는다,2023-03-13,독서모임에서 물고기는 존재하지 않는다 읽고 토론했는데 이런 서술 방식은 처음이라 상당히 재밌게 읽었다,0,4,2023-03-19
미움받을 용기,2023-03-17,@thepigonen 지도자는 미움받을 용기가 있어야 하지요... 그게 문과 윤의 차이 같습니다.,0,1,2023-03-19
미움받을 용기,2023-03-14,@ddang_kong_e 그사람들의에너지가다땅콩님한테가는거죠걔네들이땅콩님험담하는데들인시간이랑에너지가모두땅콩님에게로가면서성공하는밑거름이되는거야사람은미움받을용기있는사람만성공한댔어요그래서땅콩님이성공한거야,0,0,2023-03-19
미움받을 용기,2023-03-13,어월 커뮤니티에게 꼭 소개해주고싶은 책 미움받을용기  #Bookrecommendation #CommunitynEarn #AnotherWorld #Metaverse #NFTcommunity #KEI @ANOTHERworldgm #미움받을용기,0,4,2023-03-19
불편한 편의점,2023-03-19,전남여행 불편한편의점 생후709일 말씀엽서 휴양지 https://t.co/4e7f96rwAu,0,0,2023-03-19
불편한 편의점,2023-03-16,국가고 사람이고 다 지난 일을 가지고 평가받는 거란다. 네가 그동안 한 짓들을 떠올려봐라. 너는 너 자신을 믿을 수 있니?  _ 불편한 편의점 / 김호연 https://t.co/czXk2f78dJ,21,42,2023-03-19
불편한 편의점,2023-03-15,음악소통 430헤어수완점 시원하다 로컬 전화타로 직장간식타임 선물가게 불편한편의점 핸드드립커피전문점 대학입시 김백조 https://t.co/lohGKdvEcF,0,0,2023-03-19
불편한 편의점,2023-03-10,『불편한 편의점2』 57分 https://t.co/ACgVTzpJhf #studyplus,0,1,2023-03-19
불편한 편의점,2023-03-10,120M 절벽에 우뚝…세상에서 가장 불편한 편의점 https://t.co/EgTywlIxpS,0,0,2023-03-19
불편한 편의점,2023-03-10,경기도 공공도서관 대출 1위 책은 '불편한 편의점' (출처 : 연합뉴스 | 네이버 뉴스) https://t.co/jsI3WwoW6l,1,1,2023-03-19
불편한 편의점 2,2023-03-10,『불편한 편의점2』 57分 https://t.co/ACgVTzpJhf #studyplus,0,1,2023-03-19
사랑의 기술,2023-03-12,리. 사랑의 기술.. 고1때 읽음 타의에 의해서였지만. 내용.. 기억이 잘안나. 무튼 좀 유명한 작품은 2/3는 중고등학교 때 본거같아. 그때는.. 어떻게 그렇게 에너지가 있었지 뭐든 과하게 했던거 같은데..,0,2,2023-03-19
사랑의 이해,2023-03-19,"디아4 레벨 22, 15, 12찍고 이제 사랑의 이해 보기 시작.",0,0,2023-03-19
사랑의 이해,2023-03-15,이혁진 작가의 ‘누운 배’를 읽고있다. 이게 정말 상상으로 가능한 소설일까. ‘사랑의 이해’를 보면 은행에 근무한 것 같고 이 책을 보면 조선소에 근무했던 것처럼 묘사가 사실적이다.,0,0,2023-03-19
사랑의 이해,2023-03-12,사랑의 이해 보는데 좋아하는ㄷ데 엑셀 안 밟을 이유 없으니까라고 말하는 박미경 대사가 너무 인상적이었음 단 하나의 결핍도 없는 흠,0,0,2023-03-19
사랑의 이해,2023-03-12,넷풀릭스에서 더 글로리 다 보고 다른거 눌러보다가 사랑의 이해를 보고 있는데요. 이거 낚시가 쩌네요. 은근히 사람 킹받게 만드네요.,0,3,2023-03-19
사피엔스,2023-03-17,@MyLifeForB 아직이긴 한대 사피엔스 농업혁명이 생각나네욥,0,3,2023-03-19
사피엔스,2023-03-13,다 읽은 후기: 이거 읽고 나니까 다른 무슨 책을 읽어도 이 책 내용이 생각나요... 심지어 소설을 읽을때도 한번 읽어보시면 훈훈 분노 희망 절망 온갖 것들을 다 보시게 될것... 호모 사피엔스가 다른 인간… https://t.co/UgXDUkRnlg,0,6,2023-03-19
사피엔스,2023-03-11,해리포터도 끝까지 못 읽는 친구는 어차피 룬의 아이들도 못 읽고 반지의 제왕도 못 읽고 더나아가면 유발하라리의 사피엔스도 못 읽으니 그냥 해리포터부터 사다줘서 긴 글 읽게 하는 편이 낫습니다,0,0,2023-03-19
사피엔스,2023-03-10,"(50분) ""무언가 깊이 파고 싶다면, 넓이를 넓혀라!"" 독서에 가까이 다가가는 법! | 사피엔스 월요특강 https://t.co/0Oy6e4hB74 - @YouTube",0,11,2023-03-19
삶의 목적을 찾는 45가지 방법,2023-03-18,[신착] 삶의 목적을 찾는 45가지 방법 : 새롭게 살고 싶은 그대에게 / #철학 #심리학 #종교 #POSTECH https://t.co/LKTX7Gz6pg,0,0,2023-03-19
삶의 목적을 찾는 45가지 방법,2023-03-17,[신착] 삶의 목적을 찾는 45가지 방법 : 새롭게 살고 싶은 그대에게 / #철학 #심리학 #종교 #POSTECH https://t.co/LKTX7Gz6pg,0,0,2023-03-19
삶의 목적을 찾는 45가지 방법,2023-03-16,[신착] 삶의 목적을 찾는 45가지 방법 : 새롭게 살고 싶은 그대에게 / #철학 #심리학 #종교 #POSTECH https://t.co/LKTX7Gz6pg,0,0,2023-03-19
삶의 목적을 찾는 45가지 방법,2023-03-15,[신착] 삶의 목적을 찾는 45가지 방법 : 새롭게 살고 싶은 그대에게 / #철학 #심리학 #종교 #POSTECH https://t.co/LKTX7Gz6pg,0,0,2023-03-19
삶의 목적을 찾는 45가지 방법,2023-03-14,[신착] 삶의 목적을 찾는 45가지 방법 : 새롭게 살고 싶은 그대에게 / #철학 #심리학 #종교 #POSTECH https://t.co/LKTX7Gz6pg,0,0,2023-03-19
세상의 마지막 기차역,2023-03-19,"#쿠마의_책읽기 - &lt;세상의 마지막 기차역, 무라세 다케시&gt;  도모코, 마음이 병든 건 착실히 살아왔다는 증거란다. 설렁설렁 살아가는 놈은 절대로 마음을 다치지 않거든. ~ 마음의 병을 앓는다는 건, 성실하… https://t.co/qyTALVfZfu",0,0,2023-03-19
세상의 마지막 기차역,2023-03-18,7.아악!!떨어져가는 나의 장르...이제 사실 없다고 보는게...최근에 본 잼있는 책이라도....이불밖은 위험해랑 이 세상의 마지막 기차역 봤어요...두개가 지금 독교종에 올라가 있죠...잼있음... https://t.co/FrWIro9qu3,0,0,2023-03-19
세이노의 가르침,2023-03-17,"@0323kym 네 역행자, 돈의속성, 세이노의 가르침 강추에여",0,0,2023-03-19
세이노의 가르침,2023-03-15,절대로 사업이나 장사를 하면 안 되는 사람의 특징 [세이노의 가르침] https://t.co/4fg5sQsMY0,0,0,2023-03-19
세이노의 가르침,2023-03-15,"""세이노의 가르침"" 간만에 읽었는데 예전에 공유받던 텍본에서 업데이트 되었음. 돈벌기 어쩌구 그런 강의나 트위터에서 누가 알려줄테니 팔로잉해라 이런것보다 훨씬 유익함. 책낸 경로도 웃긴데 ㅋㅋ 사람들이 이걸… https://t.co/Ez15zoXps8",84,161,2023-03-19
세이노의 가르침,2023-03-15,“세이노의 가르침”  피보다 진하게 살아라 초판1쇄 본을 가질수 있음에 감사! https://t.co/Z6wkliatui,0,0,2023-03-19
세이노의 가르침,2023-03-15,"@min_seungha 감사합니다 추천 도서로는 세이노의 가르침  ,돈의 속성 더플러스 보셔요 강추 입니다  소설 빼고 장르 가리지.말고 보시구요",0,4,2023-03-19
세이노의 가르침,2023-03-15,"사람들은 연장자들에게 호감을 사는 사람이 되기보다는 자기 친구들에게 인기 있는 사람이 되려고 한다.   하지만 당신이 성공할 수 있는 기회는 당신의 친구들이 주는 것이 절대 아니다.  - &lt; 세이노의 가르침, 세이노 &gt; 중에서",13,47,2023-03-19
세이노의 가르침,2023-03-13,[세이노의 가르침을 읽고 기억에 남는 문장] 1. Integrity는 머릿속에서 옳다고 믿는 생각들과 행동이 엇갈림 없이 하나 된 상태를 의미한다.  2. 가장 행복한 사람은 행복해지고 싶어하는 열망이 크지… https://t.co/WM4iaQMAjo,3,40,2023-03-19
세이노의 가르침,2023-03-13,"세이노의 가르침 책을 구매했는데, 배송이 늦어지고 있네요. pdf 파일로 보다가 눈이 아파서 나중에 책이 오면 그때 감상문을 쓰겠습니다.  지인용!!!",0,1,2023-03-19
세이노의 가르침,2023-03-12,세이노의 가르침 eBook  공짜니 다운받아서 한번 읽어보세요~ 시간없으신 분은 TTS로 귀에 떼려박으세여~~ https://t.co/2bPh60s2Yw,0,0,2023-03-19
세이노의 가르침,2023-03-11,"자기가 얼마나 부자인지 보여 주려고 과시하는 연놈들은 절대 믿지 마라. 부동산 고수로 알려진 연놈이 임장 비용으로 수십, 수백만 원 내라고 하는 거, 그 연놈이 당신 돈으로 부자가 되려고 하는 거다. - 세이노 &lt;세이노의 가르침&gt;",14,103,2023-03-19
세이노의 가르침,2023-03-11,승자는 달리면서 계산하지만 패자는 달리기도 전에 계산하느라 바쁘다 - 세이노의 가르침,0,2,2023-03-19
세이노의 가르침,2023-03-11,미래의 방정식에 현재의 처지를 대입하지 마라 - 세이노의 가르침,0,0,2023-03-19
세이노의 가르침,2023-03-11,&lt;세이노의 가르침&gt; https://t.co/fiOz4fKeOI,4,14,2023-03-19
세이노의 가르침,2023-03-10,세이노의 가르침 재밌넹,0,1,2023-03-19
세이노의 가르침,2023-03-09,[베스트셀러] '세이노의 가르침' 2주째 1위  챗GPT 관련 책들 순위 급상승 https://t.co/q2ZGEX4KQt,0,0,2023-03-19
세이노의 가르침,2023-03-09,#돈생걍사블로그 인생은 자전거와 같다. by 세이노 (세이노의 가르침) https://t.co/LyHPsisb4N,0,6,2023-03-19
스티브 잡스,2023-03-18,"[서평] ""애플은 창의적 디지털 서비스 업체"" (아이클라우드- 스티브 잡스가 디자인한 애플의 미래, 정우진 저) https://t.co/gYSFrg80hy",0,0,2023-03-19
스티브 잡스,2023-03-18,한국의 스티브 잡스를 꿈꾸시나요? 저희가 도와드리겠습니다!!! 자금이 없어서 좋은 아이디어가 사업으로 연결되지 못한다면 안되겠죠? 아이디어만 가지고 오세요~ ^^ ★오퍼튠★ https://t.co/rk4yHL2Y5i,0,0,2023-03-19
스티브 잡스,2023-03-18,"충격적인 기능이 많아지네요 정말. 그냥 서류 검토만 하면 될 듯… 화상회의 중에도 요약까지 알아서 해준다니…   기술자격증 준비할까 생각했는데, 속도를 높여야 할 것 같네요  챗GPT가 MS 오피스에 적용되… https://t.co/GgDHAsWuPj",0,2,2023-03-19
스티브 잡스,2023-03-17,"그리고 우리는 그걸 바꾸거나, 거기에 영향을 미치거나, 자신만의 뭔가를 만들어 타인이 좀 더 지헤롭고 편하게 사용하도록 할 수 있다.   이 사실을 깨닫고 나면 다시는 세상이 예전 같지 않을 것이다.  - 스티브 잡스, &lt;타이탄의 도구들&gt;",0,0,2023-03-19
스티브 잡스,2023-03-17,한국의 스티브 잡스를 꿈꾸시나요? 저희가 도와드리겠습니다!!! 자금이 없어서 좋은 아이디어가 사업으로 연결되지 못한다면 안되겠죠? 아이디어만 가지고 오세요~ ^^ ★오퍼튠★ https://t.co/rk4yHL2Y5i,0,0,2023-03-19
스티브 잡스,2023-03-17,홍라희도 스티브 잡스도 애정했던 日 패션 거장 이세이 미야케 별세 https://t.co/MZOTdJMKag,0,0,2023-03-19
스티브 잡스,2023-03-17,[프라하 출간도서] &lt;iCloud 아이클라우드 : 스티브 잡스가 디자인한 애플의 미래&gt; - 정우진 지음 https://t.co/UBpdjN4ThG,0,0,2023-03-19
스티브 잡스,2023-03-17,혁신이 지도자와 추종자를 가른다. – 스티브 잡스,0,0,2023-03-19
스티브 잡스,2023-03-17,한국의 스티브 잡스를 꿈꾸시나요? 저희가 도와드리겠습니다!!! 자금이 없어서 좋은 아이디어가 사업으로 연결되지 못한다면 안되겠죠? 아이디어만 가지고 오세요~ ^^ ★오퍼튠★ https://t.co/rk4yHL2Y5i,0,0,2023-03-19
스티브 잡스,2023-03-16,한국의 스티브 잡스를 꿈꾸시나요? 저희가 도와드리겠습니다!!! 자금이 없어서 좋은 아이디어가 사업으로 연결되지 못한다면 안되겠죠? 아이디어만 가지고 오세요~ ^^ ★오퍼튠★ https://t.co/rk4yHL2Y5i,0,0,2023-03-19
스티브 잡스,2023-03-16,스티브 잡스의 connecting dots가 생각나는군.. https://t.co/5gMbESG4xZ,0,0,2023-03-19
스티브 잡스,2023-03-15,* 스타벅스 입장권 뽀대 감성 충족 아이폰 아이패드 * 본품도 비싸지만 악세사리 더 비싼 셀럽 중독 마케팅 * 욕하면서 중독되는 막장 드라마 충성 애플 고객 * 여자는 웃기는 남자보다 울리는 남자 따라가기… https://t.co/dDs55WqEl8,0,0,2023-03-19
스티브 잡스,2023-03-15,한국의 스티브 잡스를 꿈꾸시나요? 저희가 도와드리겠습니다!!! 자금이 없어서 좋은 아이디어가 사업으로 연결되지 못한다면 안되겠죠? 아이디어만 가지고 오세요~ ^^ ★오퍼튠★ https://t.co/rk4yHL2Y5i,0,0,2023-03-19
스티브 잡스,2023-03-15,[프라하 출간도서] &lt;iCloud 아이클라우드 : 스티브 잡스가 디자인한 애플의 미래&gt; - 정우진 지음 https://t.co/UBpdjN4ThG,0,0,2023-03-19
스티브 잡스,2023-03-15,"[서평] ""애플은 창의적 디지털 서비스 업체"" (아이클라우드- 스티브 잡스가 디자인한 애플의 미래, 정우진 저) https://t.co/gYSFrg7ss0",0,0,2023-03-19
스티브 잡스,2023-03-15,한국의 스티브 잡스를 꿈꾸시나요? 저희가 도와드리겠습니다!!! 자금이 없어서 좋은 아이디어가 사업으로 연결되지 못한다면 안되겠죠? 아이디어만 가지고 오세요~ ^^ ★오퍼튠★ https://t.co/rk4yHL2Y5i,0,0,2023-03-19
스티브 잡스,2023-03-14,혁신이 지도자와 추종자를 가른다. – 스티브 잡스,0,0,2023-03-19
스티브 잡스,2023-03-14,"[서평] ""애플은 창의적 디지털 서비스 업체"" (아이클라우드- 스티브 잡스가 디자인한 애플의 미래, 정우진 저) https://t.co/gYSFrg80hy",0,0,2023-03-19
스티브 잡스,2023-03-14,한국의 스티브 잡스를 꿈꾸시나요? 저희가 도와드리겠습니다!!! 자금이 없어서 좋은 아이디어가 사업으로 연결되지 못한다면 안되겠죠? 아이디어만 가지고 오세요~ ^^ ★오퍼튠★ https://t.co/rk4yHL2Y5i,0,0,2023-03-19
스티브 잡스,2023-03-14,#역시_스티브잡스 사람들은 뛰어난 인재들은 사람들과 함께 일하는 걸 싫어할 거라고 말한다. 하지만 나는 A급 선수들은 A급 선수들과 함께 일하는 걸 좋아한다는 사실을 깨달았다. 그들은 단지 C급 선수들 과 일하는 걸 싫어할 뿐이다. - 스티브 잡스,0,0,2023-03-19
스티브 잡스,2023-03-13,#역시_스티브잡스 사람들은 뛰어난 인재들은 사람들과 함께 일하는 걸 싫어할 거라고 말한다. 하지만 나는 A급 선수들은 A급 선수들과 함께 일하는 걸 좋아한다는 사실을 깨달았다. 그들은 단지 C급 선수들 과 일하는 걸 싫어할 뿐이다. - 스티브 잡스,0,1,2023-03-19
스티브 잡스,2023-03-13,한국의 스티브 잡스를 꿈꾸시나요? 저희가 도와드리겠습니다!!! 자금이 없어서 좋은 아이디어가 사업으로 연결되지 못한다면 안되겠죠? 아이디어만 가지고 오세요~ ^^ ★오퍼튠★ https://t.co/rk4yHL2Y5i,0,0,2023-03-19
스티브 잡스,2023-03-12,윤서인 얘는 인간에 대한 예의조차 쌈싸먹었구나. 이렇게 만화계 이재명은 한놈 두놈 더 추가되고.. 스티브 잡스와 노무현 추모 열기더러 오버스럽다며 개지랄한 음악계 이재명이 다시금 오버랩된다.,0,0,2023-03-19
스티브 잡스,2023-03-11,한국의 스티브 잡스를 꿈꾸시나요? 저희가 도와드리겠습니다!!! 자금이 없어서 좋은 아이디어가 사업으로 연결되지 못한다면 안되겠죠? 아이디어만 가지고 오세요~ ^^ ★오퍼튠★ https://t.co/rk4yHL2Y5i,0,0,2023-03-19
스티브 잡스,2023-03-11,혁신이 지도자와 추종자를 가른다. – 스티브 잡스,0,0,2023-03-19
스티브 잡스,2023-03-11,스타트업은 로또가 아닙니다. 사업과 미래를 ‘디자인’하세요.  당신은 스티브 잡스에게 무엇을 배웠습니까?  잡스가 디자인한 가장 위대한 작품은 그의 ‘사업’이었습니다.  경쟁하지 말고 독점하십시오. _피터 틸 https://t.co/qThdnROK32,0,0,2023-03-19
스티브 잡스,2023-03-11,"[서평] ""애플은 창의적 디지털 서비스 업체"" (아이클라우드- 스티브 잡스가 디자인한 애플의 미래, 정우진 저) https://t.co/gYSFrg80hy",0,0,2023-03-19
스티브 잡스,2023-03-11,한국의 스티브 잡스를 꿈꾸시나요? 저희가 도와드리겠습니다!!! 자금이 없어서 좋은 아이디어가 사업으로 연결되지 못한다면 안되겠죠? 아이디어만 가지고 오세요~ ^^ ★오퍼튠★ https://t.co/rk4yHL2Y5i,0,0,2023-03-19
스티브 잡스,2023-03-10,한국의 스티브 잡스를 꿈꾸시나요? 저희가 도와드리겠습니다!!! 자금이 없어서 좋은 아이디어가 사업으로 연결되지 못한다면 안되겠죠? 아이디어만 가지고 오세요~ ^^ ★오퍼튠★ https://t.co/rk4yHL2Y5i,0,0,2023-03-19
스티브 잡스,2023-03-10,[프라하 출간도서] &lt;iCloud 아이클라우드 : 스티브 잡스가 디자인한 애플의 미래&gt; - 정우진 지음 https://t.co/UBpdjN4ThG,0,0,2023-03-19
악인론,2023-03-14,맞아 난 감사일기고 뭐고 악인론 쪽이 더 맞는 것 같긴해.,0,0,2023-03-19
안젤리크,2023-03-13,@neko1028_klimt 옛날에 안젤리크도 개판 쳐놨잖아.. 안젤리크/네오 안젤리크 둘 다. 아니 지들 상상력 밀어넣는 거랑 기존의 게임 분위기라는 걸 존중하면서 만드는 건 다르잖아. 솔직히 오토메이트… https://t.co/5DTWfw02Bv,0,0,2023-03-19
안젤리크,2023-03-13,솔직히 안미나는 아직 애들하고 정이 안 붙음. 안젤리크라는 사실은 변하지 않았는데 생각보다 정 붙는데 시간이 오래 걸리는 거 같음. 그림도 마음에 안 들고 그냥 전체적으로 안젤리크 안 같다는 생각이 들어서 더 그런 거 같아.. ㅠㅠ,0,0,2023-03-19
역행자,2023-03-17,"@0323kym 네 역행자, 돈의속성, 세이노의 가르침 강추에여",0,0,2023-03-19
역행자,2023-03-17,역행자.... 예약5명^^ #역행자 #독서 #독서모임 https://t.co/G7slraGluK,0,0,2023-03-19
오만과 편견,2023-03-18,"와, 오만과 편견 생각보다 괜찮은 작품이었다",0,1,2023-03-19
오만과 편견,2023-03-15,"순문학이라는 말은 20세기 초만 해도 없던 말이다. 그 전에 문학은 그냥 문학이었다. 아무도 한여름 밤의 꿈을 코믹 판타지라고, 오만과 편견을 칙릿이라고, 레미제라블을 범죄 소설이라고 부르지 않았다. 순문학… https://t.co/ynerUkGci0",54,24,2023-03-19
오만과 편견,2023-03-14,읽어야 할 책  젊은 베르테르의 슬픔 (2부) 폭풍의 언덕 오만과 편견 모비 딕,0,1,2023-03-19
인간 실격,2023-03-17,@PSP_VRC 인간 실격...,0,0,2023-03-19
인간 실격,2023-03-16,"덧&gt; 민음사 판 &lt;인간 실격&gt;에.... 直訴, 가 실려있다. ^_^ 올해 새로운 커버로도 나왔는데_  난, 솔직히 처음에... JIGSAW 인가, 했는데.... 퍼즐마냥 얽히고 설켰던 이야기가 고로코롬 解된… https://t.co/CW0l2tdZiM",0,0,2023-03-19
인간 실격,2023-03-14,@mityummy 약간 인간 실격 같은 느낌인거죠 ㅋㅋㅋ 배경이 딱 다이쇼 말기 그쯤..거기 나오는 요조나 작가 다자이오사무 같은 느낌요 ㅋㅋㅋㅋㅋㅋㅋ,0,1,2023-03-19
작별 인사,2023-03-13,완전한 작별 인사는 종료일에 하렵니다.  조금이라도 미루고 싶어... 😖,0,0,2023-03-19
종의 기원,2023-03-19,웹툰 '종의 기원' 정주행 포인트! 이벤트가 진행 중입니다.  기간 한정 10화 무료! 유무료 10화 이상 열람하면 추첨 500포인트! 유료 20화이상 열람하면 추첨 1000포인트!  https://t.co/SXLosyZchL,0,8,2023-03-19
종의 기원,2023-03-18,도서관갔는데 종의기원 아직 대출중이길래 가냥 예약 걸어두고옴...,0,1,2023-03-19
종의 기원,2023-03-17,모든 공연 대리티켓팅 합니다. ⭕️공지 꼭 읽어주세요 ⭕️경력은 마음에  모든 공연 티켓팅 취켓팅 합니다  데스노트 트와이스 슈퍼주니어 은혁 레드북 장근석 종의기원 A매치 축구… https://t.co/aEeXZ4KKPJ,0,0,2023-03-19
종의 기원,2023-03-17,종의기원. 소년이온다 이 두권 읽어보고싶은데 도서관에 두개 다 대출중이네 반납 예정 같은걸로 봐선 한사람이 빌린건가,0,0,2023-03-19
종의 기원,2023-03-16,빗속의 여인 🎵 1978년 🎵 《종의 기원》 정유정 소설 📚 도입부에 나오는 노래.. 🎵 (출처 : daahkooh님.. | 블로그) https://t.co/9q1fhXVozZ,0,0,2023-03-19
종의 기원,2023-03-16,《종의 기원》 📚 정유정 소설  📚  도입부.. (출처 : daahkooh님.. | 블로그) https://t.co/SOrWCnpikP,0,0,2023-03-19
종의 기원,2023-03-16,《종의 기원》 📚 정유정 소설 📚  도입부.. (출처 : daahkooh님.. | 블로그) https://t.co/SOrWCnpikP,0,0,2023-03-19
종의 기원,2023-03-15,아ㅋㅋㅋㅋㅋ 환청듣고 시체통 뚜껑열고 시끄러!!! 하고 닫는데 왜켘ㅋㅋㅋ 웃겼냨ㅋㅋㅋㅋ 아 즐거웠다니까... 이걸... 즐겁게 봐도 되는걸까? 종의 기원 자첫했을때의 마음인걸...?ㅋㅋㅋㅋ...,0,1,2023-03-19
종의 기원,2023-03-11,데미안도 못보고 종의 기원도 못보고 타락천사도 못보고 루드윅도  못봄  그런데 내가 매주 대학로에 갔음.  이게 뭐야,0,1,2023-03-19
지금 알고 있는 걸 그때도 알았더라면,2023-03-19,"15. 지금 알고 있는 걸그때도 알았더라면, 류시화 _ 늘 나를 회복시켜주는, 그리고 삶의 방향성을 잊지 않게 해주는 시집. https://t.co/jtjtjUKjyU",0,1,2023-03-19
챗GPT에게 묻는 인류의 미래,2023-03-14,[신착] 챗GPT에게 묻는 인류의 미래 : 김대식 교수와 생성인공지능의 대화 / #순수과학 #POSTECH https://t.co/74C4KY1l6B,0,0,2023-03-19
챗GPT에게 묻는 인류의 미래,2023-03-13,[신착] 챗GPT에게 묻는 인류의 미래 : 김대식 교수와 생성인공지능의 대화 / #순수과학 #POSTECH https://t.co/74C4KY1l6B,0,0,2023-03-19
챗GPT에게 묻는 인류의 미래,2023-03-12,[신착] 챗GPT에게 묻는 인류의 미래 : 김대식 교수와 생성인공지능의 대화 / #순수과학 #POSTECH https://t.co/74C4KY1l6B,0,0,2023-03-19
초거대 위협,2023-03-16,[학술정보매거진] 초거대 위협 (조선) https://t.co/Dewd5UqGQT,0,0,2023-03-19
초공간,2023-03-16,감옥과 궁녀들을 완전떡같다고 비교하는건아닌데 게속 갵은공간에서 살아야했던 여초공간에서 벌어지는 폭행이 비슷한거같애 이건남자도 마찬가질듯 남자도 감옥가면 뒷배있거나 아예 누구랑싸워도 안지는피지컬이아니면 바로약… https://t.co/rvxf0HwPQK,0,0,2023-03-19
초공간,2023-03-10,"잃을 것도 딱히 없다 생각한 그녀는 그 용병을 계약했다. 도착 시간까지 한참 타 용병들과 난투를 벌이던 범죄서클이 이쪽으로 오지 않기를 생각하던 찰나, 계약한지 몇 분이 채 지나지 않아 초고속으로 용병이 건… https://t.co/NhiIFoH8y9",0,0,2023-03-19
트렌드 코리아 2023,2023-03-17,EV 트렌드 코리아 2023에서 본 전기차 시장 요즘 풍경 https://t.co/7eKs1rTMyy,0,0,2023-03-19
트렌드 코리아 2023,2023-03-15,"📌2023년  3월 16일 목요일 ✅이재명 당대표  일정..💙 ① 10:00 EV 트렌드 코리아 2023 / 코엑스 컨퍼런스룸 318호, 이후 행사 관람 C홀 (서울 강남구 영동대로 513) ② 14:00… https://t.co/OdnHrMu1ou",20,48,2023-03-19
트렌드 코리아 2023,2023-03-15,[벤처타임즈]친환경 자동차 전시회 ‘EV 트렌드 코리아 2023’ 개최 https://t.co/DzaKkLJy0C,0,2,2023-03-19
트렌드 코리아 2023,2023-03-13,"실시간 트렌드 친환경 모빌리티 충전 플랫폼 ‘소프트베리’, EV트렌드코리아 2023 참가",0,0,2023-03-19
"하루 한 장, 인생 그림",2023-03-18,"아트메신저 이소영이 전하는 인생 작품 이야기│하루 한 장, 인생 그림 https://t.co/mgx9HiId01 @YouTube 님이 씀",0,0,2023-03-19
하얼빈,2023-03-18,"수탈과 억압으로 검불처럼 무기력해보이던 조선 백성들이 무너진 왕조의 부활을 외치며 그토록 가열차게 봉기하는 사태가 이토는 두려웠다. &lt;하얼빈&gt;,김훈,19쪽.",0,0,2023-03-19
하얼빈,2023-03-15,하얼빈 어게인 https://t.co/LrX5GjeGJO,8,17,2023-03-19
하얼빈,2023-03-13,김훈 작가 📚 《하얼빈의 청년 안중근》 📚  by. CBS 김현정의 뉴스쇼 (출처 : daahkooh님.. | 블로그) https://t.co/So5KDUoEdr,0,0,2023-03-19
하얼빈,2023-03-13,고종의 비밀 정보 기관과 하얼빈 의거… [이기환 기자의 흔적의 역사- 경향신문 블로그] (출처 : daahkooh님.. | 블로그) https://t.co/jtTzqbDByp,0,0,2023-03-19
해리엇,2023-03-18,"힘겨운 상황에 처하고 모든 게 장애로 느껴질 때, 단 1분도 더 버틸 수 없다고 느껴질 때, 그때야말로 포기해서는 안 된다. 바로 그런 시점과 위치에서 상황은 바뀌기 시작하니까. - 해리엇 비처 스토우",0,0,2023-03-19
환상서점 ,2023-03-16,와~~!! 환상서점 흥해라!!🤗 https://t.co/Gr5flao7OH,0,5,2023-03-19
