9791159242106,어학,시나공 토익 VOCA (epub3) ,조강수,9100,0.0,전체 이용가,https://comicthumb-phinf.pstatic.net/20190131_117/pocket_1548889280360uJLG2_JPEG/kpc69501808318250923819791159242182.jpg?type=m260
9791170221685,어학,빨간 맛 중국어 ,리지아니,8000,0.0,전체 이용가,https://comicthumb-phinf.pstatic.net/20190125_96/pocket_1548376112395SGL7c_JPEG/kyobo8165813284496045460l9791170221685.jpg?type=m260
9791159242090,어학,시나공 토익 LISTENING (epub3) (시험에 나오는 것만 공부한다!) ,구원,13900,0.0,전체 이용가,https://comicthumb-phinf.pstatic.net/20190124_261/pocket_1548284529106rhaXu_JPEG/kpc12208140935087704209791159242175.jpg?type=m260
9791159242083,어학,시나공 토익 READING (epub3) (시험에 나오는 것만 공부한다!) ,구원,13900,0.0,전체 이용가,https://comicthumb-phinf.pstatic.net/20190115_189/pocket_1547506816434MCeoe_JPEG/kpc47451495268971695129791159242144.jpg?type=m260
9791159241581,어학,1일 1패턴 영어회화 도전 4단어 패턴 ,정나래,7000,0.0,전체 이용가,https://comicthumb-phinf.pstatic.net/20190105_119/pocket_1546642810747kJgXy_JPEG/kpc20735198344691762519791159241697.jpg?type=m260
9788991016422,어학,"장학금 신청 영어 에세이, 영어 인터뷰 모범답안 ",젠 타나베,15400,0.0,전체 이용가,https://comicthumb-phinf.pstatic.net/20181229_214/pocket_1546043166030BmfDI_JPEG/kyobo1198713003501511372l9788991016422.jpg?type=m260
9791187632573,어학,통역사들은 어떻게 어학의 달인이 되었을까? ,오현숙,8000,0.0,전체 이용가,https://comicthumb-phinf.pstatic.net/20181225_223/pocket_1545698171665DxXxY_JPEG/kyobo2581921043905705555l480D181221350.jpg?type=m260
9791162209899,어학,올리버쌤의 영어 꿀팁 (120만 명이 정주행한 유튜브 최강의 영어 강의) ,올리버 샨 그랜트,10360,0.0,전체 이용가,https://comicthumb-phinf.pstatic.net/20181221_84/pocket_1545371215345FxpJi_JPEG/coverpage.jpg?type=m260
9791155811320,어학,300 WORDS (PAINLESS VOCABULARY) ,마이클 그린버그,10150,0.0,전체 이용가,https://comicthumb-phinf.pstatic.net/20190715_79/pocket_1563149454854681OL_JPEG/kyobo7180720247336463796l9791155811320.jpg?type=m260
9791186453315,어학,김 교수의 좌충우돌 미국생활 100 ,김명광,10500,0.0,전체 이용가,https://comicthumb-phinf.pstatic.net/20181221_282/pocket_1545346972492GkVzs_JPEG/kpc29140883999000312059791186453674.jpg?type=m260
9791159242069,어학,비즈니스 중국어회화 & 이메일 표현사전 (epub3) ,샤오잉,14000,0.0,전체 이용가,https://comicthumb-phinf.pstatic.net/20220919_23/pocket_16635953066589Cg7j_JPEG/KPC1000113263.jpg?type=m260
9788926884348,어학,베이직 영작문 판타스틱 ,고정민,9000,0.0,전체 이용가,https://comicthumb-phinf.pstatic.net/20181129_207/pocket_1543452601396Bd8AK_JPEG/kyobo404535366379194670l9788926884348.jpg?type=m260
9791162209530,어학,저절로 외워지는 하루 10분 영어 공부 ,유세라,9800,0.0,전체 이용가,https://comicthumb-phinf.pstatic.net/20181123_184/pocket_1542958038152tOn8n_JPEG/coverpage.jpg?type=m260
9791188808090,어학,매일 10분 최빈출 영단어의 기적(체험판) (영어표현이 잡히고 생활영어가 된다!) ,JAMES M.VARDAMAN,0,0.0,전체 이용가,https://comicthumb-phinf.pstatic.net/20181107_37/pocket_1541551128014rU23i_JPEG/kyobo1739005200631021648l480D181105460.jpg?type=m260
9791188808090,어학,매일 10분 최빈출 영단어의 기적 (영어표현이 잡히고 생활영어가 된다!) ,JAMES M.VARDAMAN,8400,0.0,전체 이용가,https://comicthumb-phinf.pstatic.net/20181107_86/pocket_1541550657822ARyAV_JPEG/kyobo7692296046276601046l9791188808090.jpg?type=m260
9791195389872,어학,줄리정's 불법 IELTS VOCA (2019) ,줄리정,14900,10.0,전체 이용가,https://comicthumb-phinf.pstatic.net/20190715_110/pocket_1563149064423TjQAY_JPEG/kyobo2308331929052609164l9791195389872.jpg?type=m260
9791159241802,어학,시나공 JLPT 일본어능력시험 N4 (epub3) ,김정은,16800,0.0,전체 이용가,https://comicthumb-phinf.pstatic.net/20181025_215/pocket_1540422297357ucSAz_JPEG/kpc47386763298153220939791159242076.jpg?type=m260
9791159241963,어학,신왕국의 코어소리영어 (epub3) (스토리텔링 훈련 편) ,신왕국,9800,0.0,전체 이용가,https://comicthumb-phinf.pstatic.net/20181019_189/pocket_1539903616867gjxCA_JPEG/kpc61631570972095788259791159242052.jpg?type=m260
9788994182070,어학,번역과 영작의 기술을 배우는 팝송영어 2 ,유현철,5000,0.0,전체 이용가,https://comicthumb-phinf.pstatic.net/20181017_123/pocket_1539737206587Mq99P_JPEG/kyobo2217304533987333001l480D180933220.jpg?type=m260
9791159241796,어학,시나공 JLPT 일본어능력시험 N3 (epub3) ,신선화,16800,10.0,전체 이용가,https://comicthumb-phinf.pstatic.net/20220919_277/pocket_1663595100206k14It_JPEG/KPC1000112476.jpg?type=m260
9791159241819,어학,시나공 HSK 5급 (epub3) ,리우,16800,0.0,전체 이용가,https://comicthumb-phinf.pstatic.net/20220919_174/pocket_1663595477932WIbSg_JPEG/KPC1000112446.jpg?type=m260
9791159241789,어학,시나공 JLPT 일본어능력시험 N2 (epub3) ,이신혜,17500,0.0,전체 이용가,https://comicthumb-phinf.pstatic.net/20181003_238/pocket_1538521207222SjVsy_JPEG/kpc1800068852814424979791159242007.jpg?type=m260
9791159241772,어학,시나공 JLPT 일본어능력시험 N1 (epub3) ,이승대,17500,0.0,전체 이용가,https://comicthumb-phinf.pstatic.net/20220919_121/pocket_1663595292174JonIn_JPEG/KPC1000111925.jpg?type=m260
9791195389834,어학,줄리정 불법 아이엘츠 Writing Task 2 ,줄리정,17820,10.0,전체 이용가,https://comicthumb-phinf.pstatic.net/20180922_103/pocket_1537585048680rI7L8_JPEG/kyobo3397355804053871707l9791195389834.jpg?type=m260
9791159241888,어학,일드 일본어회화 핵심패턴 233 (epub3) ,우승희,11200,0.0,전체 이용가,https://comicthumb-phinf.pstatic.net/20220919_271/pocket_1663595260858DsotN_JPEG/KPC1000111487.jpg?type=m260
9788956606408,어학,모든 별들은 음악소리를 낸다 ,윤후명,10500,0.0,전체 이용가,https://comicthumb-phinf.pstatic.net/20180828_189/pocket_1535411102576QeDVC_JPEG/kpc10422410548172916449791188810567.jpg?type=m260
9791159241833,어학,시나공 토익 BASIC LISTENING (epub3) ,시나공 토익연구소,9800,0.0,전체 이용가,https://comicthumb-phinf.pstatic.net/20180824_252/pocket_1535065325711nyXtC_JPEG/kpc28470613677392166619791159241956.jpg?type=m260
9788991120785,어학,영어는 기술이다 (One-day English Coaching) ,진기석,10500,0.0,전체 이용가,https://comicthumb-phinf.pstatic.net/20180824_39/pocket_1535071617120L2r9k_JPEG/kyobo7038373326552243351l9788991120785.jpg?type=m260
9791162992081,어학,Workbook for IELTS (IELTS 수험생이라면 반드시 마스터해야 할 영작의 기술) ,전현선,10400,0.0,전체 이용가,https://comicthumb-phinf.pstatic.net/20180818_50/pocket_1534551166841879jl_JPEG/kyobo7887241715524166341l9791162992081.jpg?type=m260
9791188403097,어학,중국어 번역을 위한 공부법 (번역가 3인 3색 100일 번역마늘 프로젝트) ,신노을,10000,0.0,전체 이용가,https://comicthumb-phinf.pstatic.net/20180817_121/pocket_1534467670233FOAlf_JPEG/upaper8400609109486569313U1115134.jpg?type=m260
9791159241871,어학,일본어 현지회화 무작정 따라하기 (epub3) ,후지이 아사리,11200,0.0,전체 이용가,https://comicthumb-phinf.pstatic.net/20180815_214/pocket_1534287801426yJ5oC_JPEG/kpc4061401124859950289791159241932.jpg?type=m260
9791188674039,어학,"써먹는 영문법 (회화에서 글쓰기까지, 당신의 영어 실력을 탄탄하게 받쳐줄) ",브랜던 로열,10500,0.0,전체 이용가,https://comicthumb-phinf.pstatic.net/20180802_170/pocket_15331760841163FTSa_JPEG/kyobo5731754877571631295l9791188674039.jpg?type=m260
9791195389841,어학,줄리정's 불법 IELTS Speaking ,줄리정,17820,10.0,전체 이용가,https://comicthumb-phinf.pstatic.net/20230112_253/pocket_1673482187009qRH6D_JPEG/kyobo4323647363662460954l9791195389841.jpg?type=m260
9791159241765,어학,시나공 토익 950 1000제 LC (epub3) ,백형식,9100,0.0,전체 이용가,https://comicthumb-phinf.pstatic.net/20180719_120/pocket_1531955248442IMNLA_JPEG/kpc33337151625114406039791159241918.jpg?type=m260
9791162991169,어학,원어민식 영어 학습법 ,문현국,9100,0.0,전체 이용가,https://comicthumb-phinf.pstatic.net/20180710_229/pocket_1531187540865vKjFA_JPEG/kyobo8081851854607752413l9791162991169.jpg?type=m260
9788974575366,어학,매일 10분 왕기초 영문법의 기적 (체험판) (영문법이 이해되고 영어패턴이 읽힌다!) ,키 영어학습방법연구소,0,10.0,전체 이용가,https://comicthumb-phinf.pstatic.net/20180628_200/pocket_1530146988190ctgCp_JPEG/kyobo5970617495377989150l480D180624320.jpg?type=m260
9791157953516,어학,여행영어 척척척 기초의 기초편 (벼락치기 영어 정복자 시리즈) ,신동운,9000,0.0,전체 이용가,https://comicthumb-phinf.pstatic.net/20180609_258/pocket_1528505093038h9maz_JPEG/kyobo6561057132089073023l9791157953516.jpg?type=m260
9791157953509,어학,영어회화 척척척 (기초의 기초편) ,신동운,9000,0.0,전체 이용가,https://comicthumb-phinf.pstatic.net/20180606_199/pocket_1528248138557wOkjJ_JPEG/kyobo1127059843760902723l9791157953509.jpg?type=m260
9791157953523,어학,"미국영어 척척척 (벼락치기 영어정복자 시리즈, 기초의 기초편) ",신동운,10000,0.0,전체 이용가,https://comicthumb-phinf.pstatic.net/20190715_224/pocket_1563149763391jda23_JPEG/kyobo7950944363405138510l9791157953523.jpg?type=m260
9791159241314,어학,시나공 HSK 1-4급 단어장 (epub3) ,김태성,8400,0.0,전체 이용가,https://comicthumb-phinf.pstatic.net/20180517_293/pocket_1526511617328wXjgF_JPEG/kpc51436362047579399569791159241734.jpg?type=m260
9791159241321,어학,시나공 HSK 5급 단어장 (epub3) ,김태성,8400,0.0,전체 이용가,https://comicthumb-phinf.pstatic.net/20180517_76/pocket_1526511801618xxTPS_JPEG/kpc73014526778459329579791159241741.jpg?type=m260
9788960865839,어학,"하루 15분, 기적의 영어습관 ",전대건,8400,0.0,전체 이용가,https://comicthumb-phinf.pstatic.net/20180504_271/pocket_15254379527571yt6n_JPEG/_15__.jpg?type=m260
9788972441113,어학,생활 속의 일본어 단어 (아침부터 밤까지) ,김동호,7200,0.0,전체 이용가,https://comicthumb-phinf.pstatic.net/20180503_126/pocket_1525309243661VQbLy_JPEG/upaper3039993764057393621U1112781.jpg?type=m260
9791159241475,어학,시나공 토익 D-5 실전테스트 시즌2 (epub3) ,구원,7000,0.0,전체 이용가,https://comicthumb-phinf.pstatic.net/20180330_221/pocket_1522364669707dhtTb_JPEG/kpc79916634684650299219791159241727.jpg?type=m260
9788983962430,어학,중국어 문형 ,오길용,7000,0.0,전체 이용가,https://comicthumb-phinf.pstatic.net/20220914_136/pocket_1663114894746NmRAU_JPEG/kyobo3674405945640854045l9788983962430.jpg?type=m260
9788983967626,어학,고급중국어독해 (위성으로 읽는) ,제해성,7000,0.0,전체 이용가,https://comicthumb-phinf.pstatic.net/20180328_98/pocket_1522195723955161Bf_JPEG/kyobo5146779275000523273l9788983967626.jpg?type=m260
9791159241505,어학,시나공 JPT 청해 (epub3) ,JPT초고수위원회,11900,0.0,전체 이용가,https://comicthumb-phinf.pstatic.net/20180310_143/pocket_1520636516043vtl6W_JPEG/kpc55148010508799249409791159241703.jpg?type=m260
9791159241574,어학,1일 1패턴 영어회화 기초 3단어 패턴 (epub3) ,정나래,7000,0.0,전체 이용가,https://comicthumb-phinf.pstatic.net/20180310_59/pocket_1520636860314wvdmt_JPEG/kpc65801106565940008349791159241680.jpg?type=m260
9791159241567,어학,1일 1패턴 영어회화 왕초보 2단어 패턴 (epub3) ,정나래,7000,0.0,전체 이용가,https://comicthumb-phinf.pstatic.net/20180310_274/pocket_15206367949456n97U_JPEG/kpc76279951571425000799791159241673.jpg?type=m260
9791159241581,어학,1일 1패턴 영어회화 도전 4단어 패턴 (epub3) ,정나래,7000,0.0,전체 이용가,https://comicthumb-phinf.pstatic.net/20180310_224/pocket_1520636405124ocU4g_JPEG/kpc23226623767827701059791159241697.jpg?type=m260
9791159241536,어학,스피킹 매트릭스 : 직장인을 위한 2분 영어 말하기 (epub3) ,김태윤,7700,0.0,전체 이용가,https://comicthumb-phinf.pstatic.net/20180210_236/pocket_1518217206120Y2BmO_JPEG/kpc56871296333407927849791159241635.jpg?type=m260
9791159241543,어학,스피킹 매트릭스 : 직장인을 위한 3분 영어 말하기 (epub3) ,김태윤,7700,0.0,전체 이용가,https://comicthumb-phinf.pstatic.net/20180210_54/pocket_1518217480810RIenP_JPEG/kpc84807073522246302209791159241642.jpg?type=m260
9791159241529,어학,스피킹 매트릭스 : 직장인을 위한 1분 영어 말하기 (epub3) ,김태윤,7700,0.0,전체 이용가,https://comicthumb-phinf.pstatic.net/20180209_66/pocket_1518130881508mSEva_JPEG/kpc68405022457114278899791159241628.jpg?type=m260
9791159241451,어학,여행 중국어 무작정 따라하기 (epub3) ,엄상천,7000,10.0,전체 이용가,https://comicthumb-phinf.pstatic.net/20180131_50/pocket_1517353319694KVGQO_JPEG/kpc11461668520491390089791159241611.jpg?type=m260
9791159619137,어학,"영어 말하기, 하루 10분 입에 거미줄을 쳐라 ",가인숙,6500,0.0,전체 이용가,https://comicthumb-phinf.pstatic.net/20180131_181/pocket_1517380113728khCDS_JPEG/x9791159619137.jpg?type=m260
9791157271108,어학,영상번역가로 먹고살기 ,최시영,9000,0.0,전체 이용가,https://comicthumb-phinf.pstatic.net/20180201_176/pocket_1517459103026GPDUe_JPEG/kyobo158999153664850238l9791157271108.jpg?type=m260
9791159877933,어학,"영어는 후치수식, 한중일어는 전치수식 ",오상환,12200,0.0,전체 이용가,https://comicthumb-phinf.pstatic.net/20171216_279/pocket_1513383963038jDIhj_JPEG/kyobo9128915980096119423l9791159877933.jpg?type=m260
9791195313372,어학,나도 번역 한번 해 볼까? ,김우열,8400,10.0,전체 이용가,https://comicthumb-phinf.pstatic.net/20171214_104/pocket_1513211995437iNgsX_JPEG/kyobo8169935887713623766l9791195313372.jpg?type=m260
9791186560464,어학,영어는 3단어로 ,나카야마 유키코,9450,7.0,전체 이용가,https://comicthumb-phinf.pstatic.net/20230103_99/pocket_1672704643224ylhnc_JPEG/kyobo6929083612858115784l9791186560464.jpg?type=m260
9791155810699,어학,"윔피 키드 영어일기 2 (로드릭의 법칙,Writing Diary with a Wimpy Kid) ",제프 키니,9660,0.0,전체 이용가,https://comicthumb-phinf.pstatic.net/20190629_191/pocket_1561766518415ydG17_JPEG/kyobo3452948949892726840l9791155810699.jpg?type=m260
9791155810293,어학,윔피 키드 영어일기 (Writing Diary with a Wimpy Kid) ,제프 키니,9660,0.0,전체 이용가,https://comicthumb-phinf.pstatic.net/20190629_167/pocket_15617664923448u7m8_JPEG/kyobo2741615403511183564l9791155810293.jpg?type=m260
9791130614403,어학,300단어 영어회화의 기적 ,정회일,9800,0.0,전체 이용가,https://comicthumb-phinf.pstatic.net/20171102_174/pocket_1509591747678lKts2_JPEG/9791130614793.jpg?type=m260
9791159241383,어학,여행 스페인어 무작정 따라하기 (epub3) ,마야 허,7700,0.0,전체 이용가,https://comicthumb-phinf.pstatic.net/20171101_44/pocket_1509490806234dr0jX_JPEG/kpc16666052860350207449791159241437.jpg?type=m260
9791159241277,어학,시나공 HSK 6급 (epub3) ,리우,17500,0.0,전체 이용가,https://comicthumb-phinf.pstatic.net/20171024_292/pocket_1508799633765X0y88_JPEG/kpc55626822339646166489791159241413.jpg?type=m260
9791159241253,어학,시나공 혼자서 끝내는 토익 750 완벽대비 (epub3) ,김병기,14700,0.0,전체 이용가,https://comicthumb-phinf.pstatic.net/20170906_20/pocket_1504652770576e8X9U_JPEG/kpc17960425924053956369791159241406.jpg?type=m260
9791159241192,어학,시나공 혼자서 끝내는 토익 실전 모의고사 (epub3) ,엄대섭,12500,0.0,전체 이용가,https://comicthumb-phinf.pstatic.net/20170905_10/pocket_1504566275490LbVKN_JPEG/kpc71287579719405172929791159241390.jpg?type=m260
9791159875601,어학,미드 마스터 (미국 드라마로 영어회화를 돌파하는 법) ,김나디아,7000,0.0,전체 이용가,https://comicthumb-phinf.pstatic.net/20170901_34/pocket_1504226964435E1Ntu_JPEG/kyobo5871385086899902811l9791159875601.jpg?type=m260
9791159617157,어학,"미국 대학입시 트레이너 (SAT, ACT, Common App 에세이부터 장학금 신청까지) ",스티븐박,9000,0.0,전체 이용가,https://comicthumb-phinf.pstatic.net/20170826_291/pocket_1503708195341fQiau_JPEG/kyobo8698895870267126640l9791159617157.jpg?type=m260
9791159616891,어학,"바보야, 문제는 영어교육이야! ",문강명,6000,0.0,전체 이용가,https://comicthumb-phinf.pstatic.net/20170826_244/pocket_1503708237776UBFRT_JPEG/kyobo500577564752316813l9791159616891.jpg?type=m260
9791159241222,어학,시나공 혼자서 끝내는 토익 950 실전 모의고사 (epub3) ,고경희,15400,0.0,전체 이용가,https://comicthumb-phinf.pstatic.net/20180127_74/pocket_1517007612431dk2nk_JPEG/kpc46887501771839323989791159241369.jpg?type=m260
9791159241215,어학,세 토막 영어회화 (epub3) ,메이슨,8400,0.0,전체 이용가,https://comicthumb-phinf.pstatic.net/20170819_78/pocket_1503097473410lh8Ww_JPEG/kpc46187229872858049469791159241352.jpg?type=m260
9791130613697,어학,100단어 영어회화의 기적 ,정회일,9600,0.0,전체 이용가,https://comicthumb-phinf.pstatic.net/20170818_103/pocket_1503037123560e0Njx_JPEG/9791130613949.jpg?type=m260
9791159616488,어학,"ACT 에세이 트레이너 (ACT SAT학원가에서 추천하는 정통 ACT 에세이 만점 비법 공개, ACT 에세이 '기본에서 실전'까지) ",엄일석,5500,0.0,전체 이용가,https://comicthumb-phinf.pstatic.net/20170805_300/pocket_1501893513993MnojP_JPEG/kyobo4127969734656199024l9791159616488.jpg?type=m260
9791159616273,어학,명령문만 알아도 영어회화 기본은 한다 ,장희진,6500,0.0,전체 이용가,https://comicthumb-phinf.pstatic.net/20170805_1/pocket_1501893528308UKgwo_JPEG/kyobo6336674645335874467l9791159616273.jpg?type=m260
9791159241147,어학,네이티브는 쉬운 일본어로 말한다 (epub3) (1000문장 편) ,최대현,11200,0.0,전체 이용가,https://comicthumb-phinf.pstatic.net/20170714_167/pocket_1499986952872K7FSl_JPEG/kpc68789909800160388239791159241307.jpg?type=m260
9788968930294,어학,"나는 더 영어답게 말하고 싶다 (내 영어 세련되게 다듬어 말하기,시사이슈 편) ",장승진,8400,0.0,전체 이용가,https://comicthumb-phinf.pstatic.net/20170707_171/pocket_1499389438331Hl2xP_JPEG/kyobo7387325780157190079l9788968930294.jpg?type=m260
9791159241154,어학,여행 영어 무작정 따라하기 (epub3) (2017년 개정판) ,라이언,7000,0.0,전체 이용가,https://comicthumb-phinf.pstatic.net/20170705_143/pocket_1499209407405fU7lO_JPEG/kpc43521169236044704989791159241291.jpg?type=m260
9791159240928,어학,시나공 HSK 4급 (epub3) ,리우,15400,1.0,전체 이용가,https://comicthumb-phinf.pstatic.net/20170531_64/pocket_1496185524567iUkqV_JPEG/kpc24597569588261403209791159241185.jpg?type=m260
9791159241024,어학,"시나공 혼자서 끝내는 토익 NEW 파트 5, 6 실전문제집 (epub3) (20회분) ",강진오,10500,0.0,전체 이용가,https://comicthumb-phinf.pstatic.net/20170526_254/pocket_1495753683996CBnED_JPEG/kpc35457331105262327179791159241178.jpg?type=m260
9791159241031,어학,시나공 혼끝토 혼자서 끝내는 토익 New 파트 7 실전문제집 (epub3) ,강진오,12600,0.0,전체 이용가,https://comicthumb-phinf.pstatic.net/20170408_229/pocket_1491606099041S2pPs_JPEG/kpc86138313467306543889791159241079.jpg?type=m260
9791159241000,어학,영어 리딩 무작정 따라하기 2017 개정판 (epub3) ,이선욱,10500,0.0,전체 이용가,https://comicthumb-phinf.pstatic.net/20170404_135/pocket_1491260702011BmYCu_JPEG/kpc3644990384752467059791159241062.jpg?type=m260
9791159240713,어학,영문법 무작정 따라하기 (2016년 개정판) (epub3) ,송연석,12600,0.0,전체 이용가,https://comicthumb-phinf.pstatic.net/20170314_150/pocket_14894462192432XNR1_JPEG/kpc6052624314723025549791159241055.jpg?type=m260
9791159240706,어학,"영어 잡학 사전 (epub3) (단어, 어원, 일상, 문화 편) ",구경서,7000,0.0,전체 이용가,https://comicthumb-phinf.pstatic.net/20170202_147/pocket_1485990177725zspps_JPEG/kpc58053724211888742539791159240997.jpg?type=m260
9791159240690,어학,"영어 잡학 사전 (epub3) (시사, 정치, 역사, 종교 편) ",구경서,7000,0.0,전체 이용가,https://comicthumb-phinf.pstatic.net/20170202_274/pocket_1485990303684SqTJG_JPEG/kpc10201374666554456219791159240980.jpg?type=m260
9791159240829,어학,중국어회화 표현사전 (epub3) ,김태성,14000,0.0,전체 이용가,https://comicthumb-phinf.pstatic.net/20170124_145/pocket_1485212437739UCMix_JPEG/kpc34874435984415091129791159240973.jpg?type=m260
9791159240720,어학,"New 실전1000제 Listening (epub3) (신유형 완벽 반영!,시나공 혼끝토,혼자서 끝내는 토익) ",백형식,12300,0.0,전체 이용가,https://comicthumb-phinf.pstatic.net/20170117_187/pocket_1484607663211NSkRy_JPEG/kpc3597318500751720189791159240966.jpg?type=m260
9791159240737,어학,"New 실전 1000제 Reading (epub3) (신유형 완벽 반영!,시나공 혼끝토,혼자서 끝내는 토익) ",강진오,12300,0.0,전체 이용가,https://comicthumb-phinf.pstatic.net/20170117_293/pocket_1484607622190aqpox_JPEG/kpc7621218193819829049791159240959.jpg?type=m260
9791159240805,어학,Try again! 중학교 영어로 다시 시작하는 영어회화 1 (epub3) (패턴50) ,이근철,10500,0.0,전체 이용가,https://comicthumb-phinf.pstatic.net/20170425_81/pocket_1493074842822IC7iL_JPEG/kpc27697697798965756019791159240935.jpg?type=m260
9791187532279,어학,이기는 영어 공부법 (역전을 꿈꾸는 '보통 학생들'을 위한 착한 영어 공부법) ,이진규,9000,0.0,전체 이용가,https://comicthumb-phinf.pstatic.net/20161208_20/pocket_1481151647088q1nAV_JPEG/kpc1438524410928023229791187532293.jpg?type=m260
9791159240515,어학,시나공 토익 출제 순위 파트 5&6 (신토익 개정판) (epub3) ,구원,10500,0.0,전체 이용가,https://comicthumb-phinf.pstatic.net/20161115_272/pocket_1479164598250qfaUV_JPEG/kpc42494934150171467419791159240843.jpg?type=m260
9788993454932,어학,알토란 한국어 어휘 (중고급) (Essential Korean Vocabulary) ,최권진,14000,8.0,전체 이용가,https://comicthumb-phinf.pstatic.net/20161104_18/pocket_1478214070289h8y2F_JPEG/kpc86603729887377562499791186453353.jpg?type=m260
9791186453025,어학,알토란 한국어 문법 2 (중급) (My Korean Grammar II Intermediate Level) ,최권진,15000,0.0,전체 이용가,https://comicthumb-phinf.pstatic.net/20161104_155/pocket_1478214015818t5nJx_PNG/kpc14528468695119562659791186453377.png?type=m260
9788993454895,어학,"알토란 한국어 문법 1 (초급) (My Korean Grammar, 도표로 배우는 알기 쉬운 한국어 문법(한영대역)) ",최권진,15000,0.0,전체 이용가,https://comicthumb-phinf.pstatic.net/20161104_295/pocket_1478214075843n1JDc_JPEG/kpc88350686458102786879791186453360.jpg?type=m260
9791159240430,어학,네이티브는 쉬운 중국어로 말한다 (epub3) (1000문장 편) ,김소희,11200,0.0,전체 이용가,https://comicthumb-phinf.pstatic.net/20160823_291/pocket_1471906952080LisFR_JPEG/kpc51544004052050786919791159240652.jpg?type=m260
9791159240492,어학,배트면 영어회화 (epub3) ,박지윤,9500,0.0,전체 이용가,https://comicthumb-phinf.pstatic.net/20160802_109/pocket_1470092438307dd1HP_JPEG/kpc90267938619017856139791159240645.jpg?type=m260
9791159240492,어학,배트면 영어회화 ,박지윤,9500,0.0,전체 이용가,https://comicthumb-phinf.pstatic.net/20160802_299/pocket_147009344676343Hba_JPEG/kpc5870394804359778149791159240645.jpg?type=m260
9791159240362,어학,"비즈니스 영어회화 무작정 따라하기 (epub3) (전화, 회의, 협상, 출장, 접대까지!) ",이지윤,11200,0.0,전체 이용가,https://comicthumb-phinf.pstatic.net/20160629_267/pocket_1467155601317FXdgv_JPEG/kpc80914583625621248079791159240577.jpg?type=m260
9791159240386,어학,영어 프레젠테이션 무작정 따라하기 (epub3) ,이지윤,9800,0.0,전체 이용가,https://comicthumb-phinf.pstatic.net/20171114_172/pocket_1510614005702JJtpd_JPEG/kpc91809596956137265879791159240560.jpg?type=m260
9791159240263,어학,중국어 필수 표현 무작정 따라하기 ,윤미희,9100,0.0,전체 이용가,https://comicthumb-phinf.pstatic.net/20160608_165/pocket_14653404535950IdNr_JPEG/kpc52516026526574245559791159240485.jpg?type=m260
9791159240263,어학,중국어 필수 표현 무작정 따라하기 (epub3) ,윤미희,9100,0.0,전체 이용가,https://comicthumb-phinf.pstatic.net/20160608_1/pocket_1465340605464XccHB_JPEG/kpc17805906455061043799791159240485.jpg?type=m260
9791159240126,어학,생활 속 영어회화 무작정 따라하기 ,지나 김,10500,0.0,전체 이용가,https://comicthumb-phinf.pstatic.net/20160524_276/pocket_1464044414549rkMHN_JPEG/kpc75513407447782029949791159240447.jpg?type=m260
9791159240126,어학,생활 속 영어회화 무작정 따라하기 (epub3) ,지나 김,10500,0.0,전체 이용가,https://comicthumb-phinf.pstatic.net/20160524_288/pocket_1464044458747Ynjyv_JPEG/kpc1311438397130201769791159240447.jpg?type=m260
9791159240119,어학,중국어 현지회화 무작정 따라하기 (epub3) ,박현준,10500,0.0,전체 이용가,https://comicthumb-phinf.pstatic.net/20160510_37/pocket_1462835101117tn8eE_JPEG/kpc91612153481307890939791159240416.jpg?type=m260
9791159240041,어학,비즈니스 일본어회화&이메일 표현사전 ,인현진,14000,0.0,전체 이용가,https://comicthumb-phinf.pstatic.net/20160510_281/pocket_1462835420385KpPIJ_JPEG/kpc80350330804870856689791159240423.jpg?type=m260
9791159240041,어학,비즈니스 일본어회화&이메일 표현사전 (epub3) ,인현진,14000,0.0,전체 이용가,https://comicthumb-phinf.pstatic.net/20201125_163/pocket_16062588035371ee6r_JPEG/kpc85062689793683968129791159240423.jpg?type=m260
9788960515277,어학,한권으로 끝내는 IT 실무영어 (epub3) (직업 현장 영어를 한 번에!) ,케네스 톰슨,12600,0.0,전체 이용가,https://comicthumb-phinf.pstatic.net/20160315_95/pocket_1457996436255DP0n9_JPEG/kpc72621295218244242259788960515321.jpg?type=m260
9788960515277,어학,한권으로 끝내는 IT 실무영어 (직업 현장 영어를 한 번에!) ,케네스 톰슨,12600,0.0,전체 이용가,https://comicthumb-phinf.pstatic.net/20160315_97/pocket_1457996661827nfNa5_JPEG/kpc50051744642303141359788960515314.jpg?type=m260
9791159240058,어학,일본어 무작정 따라하기 심화편 (epub3) ,후지이 아사리,11200,0.0,전체 이용가,https://comicthumb-phinf.pstatic.net/20220919_11/pocket_1663595331678KiD6t_JPEG/KPC1000083507.jpg?type=m260
9781624120602,어학,Love is the Pain of Feverish Flowers ,Kwon Cheonhak,5800,0.0,전체 이용가,https://comicthumb-phinf.pstatic.net/20160304_77/pocket_1457050485020tTjWB_JPEG/kyobo7037018711496663488l9781624120602.jpg?type=m260
9791159240096,어학,디바제시카의 미드나잇 잉글리시 (epub3) (은밀하고 짜릿하게 네이티브 영어를 훔쳐본다) ,디바제시카,10500,10.0,전체 이용가,https://comicthumb-phinf.pstatic.net/20160223_105/pocket_1456192553247mNSkq_JPEG/kpc40817627954232595069791159240256.jpg?type=m260
9791159240096,어학,디바제시카의 미드나잇 잉글리시 (은밀하고 짜릿하게 네이티브 영어를 훔쳐본다) ,디바제시카,10500,0.0,전체 이용가,https://comicthumb-phinf.pstatic.net/20160223_85/pocket_1456192725018dKBBl_JPEG/kpc72821503817165675209791159240256.jpg?type=m260
9788960515093,어학,한 권으로 끝내는 오피스 실무 영어 (epub3) (직업 현장 영어를 한 번에!) ,이소벨윌리엄스,12600,0.0,전체 이용가,https://comicthumb-phinf.pstatic.net/20160219_210/pocket_1455836423214J7ID6_JPEG/kpc62466637691870278189788960515185.jpg?type=m260
9788960515093,어학,한 권으로 끝내는 오피스 실무 영어 (직업 현장 영어를 한 번에!) ,이소벨윌리엄스,12600,0.0,전체 이용가,https://comicthumb-phinf.pstatic.net/20160219_79/pocket_1455836641641AICct_JPEG/kpc1174384641943929479788960515178.jpg?type=m260
9788960477469,어학,영어 리스닝 무작정 따라하기 (epub3) ,김태연,10500,0.0,전체 이용가,https://comicthumb-phinf.pstatic.net/20220919_143/pocket_1663595106342xyK1Y_JPEG/KPC1000082272.jpg?type=m260
9788960477469,어학,영어 리스닝 무작정 따라하기 ,김태연,10500,0.0,전체 이용가,https://comicthumb-phinf.pstatic.net/20160202_174/pocket_1454368431731kUJPP_JPEG/kpc36727138618877883049791159240171.jpg?type=m260
9788960477797,어학,미국 영어발음 무작정 따라하기 (epub3) ,오경은,11200,0.0,전체 이용가,https://comicthumb-phinf.pstatic.net/20220919_214/pocket_1663595291628djDKI_JPEG/KPC1000081485.jpg?type=m260
9788960478886,어학,중국어 무작정 따라하기 (epub3) ,김윤희,11200,0.0,전체 이용가,https://comicthumb-phinf.pstatic.net/20151104_48/pocket_1446592015073Qm5kR_JPEG/kpc52019375888320765749788960475205.jpg?type=m260
9788960478886,어학,중국어 무작정 따라하기 ,김윤희,11200,0.0,전체 이용가,https://comicthumb-phinf.pstatic.net/20151104_299/pocket_14465921841306kOAr_JPEG/kpc38450972967677381519788960475205.jpg?type=m260
9788960514966,어학,실전 무역박람회 영어 (epub3) (풀다 보면 고수가 되는) ,브리타 랜더만,9100,0.0,전체 이용가,https://comicthumb-phinf.pstatic.net/20151103_26/pocket_1446505219310k7aQo_JPEG/kpc26252160157568904289788960515000.jpg?type=m260
9788960514966,어학,실전 무역박람회 영어 (풀다 보면 고수가 되는) ,브리타 랜더만,9100,0.0,전체 이용가,https://comicthumb-phinf.pstatic.net/20220919_236/pocket_16635953187390HNwE_JPEG/KPC1000078602.jpg?type=m260
9788960479760,어학,스페인어 필수단어 무작정 따라하기 (epub3) ,마야 허,9800,0.0,전체 이용가,https://comicthumb-phinf.pstatic.net/20220919_86/pocket_1663594984412FSr62_JPEG/KPC1000077767.jpg?type=m260
9788960479760,어학,스페인어 필수단어 무작정 따라하기 ,마야 허,9800,0.0,전체 이용가,https://comicthumb-phinf.pstatic.net/20220919_164/pocket_1663595015479MFyqE_JPEG/KPC1000077766.jpg?type=m260
9788960479708,어학,일본어회화 핵심패턴 233 (233개 기초 패턴으로 일본어 말문이 트인다!) ,이신혜,11200,0.0,전체 이용가,https://comicthumb-phinf.pstatic.net/20150901_93/pocket_1441062092885t3VIP_JPEG/kpc42650539368513954039788960479906.jpg?type=m260
9788960479708,어학,일본어회화 핵심패턴 233 (epub3) (233개 기초 패턴으로 일본어 말문이 트인다!) ,이신혜,11200,0.0,전체 이용가,https://comicthumb-phinf.pstatic.net/20150901_8/pocket_1441062355972GHGKP_JPEG/kpc52635926285555478259788960479906.jpg?type=m260
9788960512412,어학,단어를 보면 발음이 떠오르는 미국 영어발음법 (epub3) ,전기선,8400,0.0,전체 이용가,https://comicthumb-phinf.pstatic.net/20150814_72/pocket_1439506992331y53DV_JPEG/kpc14518765567308564119788960515017.jpg?type=m260
9788960514805,어학,실전부동산영어 (풀다 보면 고수가 되는) ,페터알트만,9100,0.0,전체 이용가,https://comicthumb-phinf.pstatic.net/20150811_22/pocket_1439248028130RLrUL_JPEG/kpc78597750369752476069788960514959.jpg?type=m260
9788960514805,어학,풀다 보면 고수가 되는 실전 부동산 영어 (epub3) (풀다 보면 고수가 되는) ,페터알트만,9100,0.0,전체 이용가,https://comicthumb-phinf.pstatic.net/20150814_41/pocket_1439507275949MebmJ_JPEG/kpc32148462312008928799788960514973.jpg?type=m260
9788960477599,어학,중국어회화 핵심패턴233 ,엄상천,11100,10.0,전체 이용가,https://comicthumb-phinf.pstatic.net/20151017_70/pocket_1445036414673QfDWh_JPEG/kpc74466771634953067909788960479838.jpg?type=m260
9788960479470,어학,"자동암기 중국어 2 (epub3) (성조, 병음, 한자 몰라도 OK!) ",최윤진,7000,0.0,전체 이용가,https://comicthumb-phinf.pstatic.net/20150728_183/pocket_1438038502648AXljV_JPEG/kpc37407106584484806229788960479814.jpg?type=m260
9788960479463,어학,"자동암기 중국어 1 (epub3) (성조, 병음, 한자 몰라도 OK!) ",최윤진,7000,0.0,전체 이용가,https://comicthumb-phinf.pstatic.net/20150728_189/pocket_14380382727186P60b_JPEG/kpc13666249025529016879788960479807.jpg?type=m260
9788960867338,어학,전대건의 하루15분 기적의 여행영어 (epub3) ,전대건,8400,0.0,전체 이용가,https://comicthumb-phinf.pstatic.net/20150722_240/pocket_1437551159010hW1g3_JPEG/coverpage.jpg?type=m260
9788960479586,어학,시나공 토익 TOEIC Writing 단기완성 (epub3) ,정은순,9100,0.0,전체 이용가,https://comicthumb-phinf.pstatic.net/20150721_5/pocket_143743357925999WfF_JPEG/kpc27848255064230257299788960479890.jpg?type=m260
9788960479586,어학,시나공 토익 TOEIC Writing 단기완성 ,정은순,9100,0.0,전체 이용가,https://comicthumb-phinf.pstatic.net/20150721_149/pocket_1437433594748oBY8l_JPEG/kpc82742337220066616099788960479890.jpg?type=m260
9788965110866,어학,지에코초 ,다카무라 고타로,7700,0.0,전체 이용가,https://comicthumb-phinf.pstatic.net/20150711_28/pocket_1436576563740hgRNn_JPEG/upaper6132160186601243799U1042366.jpg?type=m260
9788960514508,어학,한 권으로 끝내는 의료 실무 영어:직업 현장 영어를 한 번에! (코르넬젠 Matters 시리즈) ,이언 우드,12600,0.0,전체 이용가,https://comicthumb-phinf.pstatic.net/20150710_234/pocket_1436483020210plIKF_JPEG/kpc14653650847488123889788960514553.jpg?type=m260
9788960514508,어학,한 권으로 끝내는 의료 실무 영어 (epub3) (코르넬젠 Matters 시리즈) ,이언 우드,12600,0.0,전체 이용가,https://comicthumb-phinf.pstatic.net/20150814_135/pocket_1439506809915NGBuB_JPEG/kpc31309787846353663809788960514874.jpg?type=m260
9788960514515,어학,한 권으로 끝내는 호텔 실무 영어:직업 현장 영어를 한 번에 (코르넬젠 Matters 시리즈) ,스티브 윌리엄스,12600,0.0,전체 이용가,https://comicthumb-phinf.pstatic.net/20150710_36/pocket_1436483059053E14KM_JPEG/kpc18573007096791641339788960514560.jpg?type=m260
9788960514515,어학,"한 권으로 끝내는 호텔 실무 영어 (epub3) (직업 현장 영어를 한 번에, 코르넬젠 Matters 시리즈) ",스티브 윌리엄스,12600,0.0,전체 이용가,https://comicthumb-phinf.pstatic.net/20150814_281/pocket_1439506853915JUptT_JPEG/kpc25572266054860356079788960514881.jpg?type=m260
9788960514522,어학,풀다 보면 고수가 되는 실전 이메일 영어 (epub3) (코르넬젠 Short Course 시리즈) ,레베카 터너,9100,0.0,전체 이용가,https://comicthumb-phinf.pstatic.net/20150814_293/pocket_1439506893775zqOgm_JPEG/kpc61732953748131221639788960514942.jpg?type=m260
9788960479012,어학,"미국현지영어회화무작정 따라하기 (epub3) (미국 여행, 출장, 유학, 이민까지 모두 통하는 맞춤 영어회화!) ",이경훈,10500,0.0,전체 이용가,https://comicthumb-phinf.pstatic.net/20150623_194/pocket_1435014367059gayVm_JPEG/kpc12760736760264326669788960479692.jpg?type=m260
9788960479302,어학,독일어회화 핵심패턴 233 (생활 밀착형 패턴 233개로 일상에서 시험 준비까지 OK!) ,최재화,11100,8.0,전체 이용가,https://comicthumb-phinf.pstatic.net/20150623_126/pocket_1435014807306O9SIl_JPEG/kpc46298372944806178709788960479685.jpg?type=m260
9788960479302,어학,독일어회화 핵심패턴 233 (epub3) (생활 밀착형 패턴 233개로 일상에서 시험 준비까지 OK!) ,최재화,11100,10.0,전체 이용가,https://comicthumb-phinf.pstatic.net/20220919_83/pocket_1663595551961I2Ck3_JPEG/KPC1000075568.jpg?type=m260
9788960512757,어학,"영어동작 표현사전 (영미인들의 행동, 그 이면의 생각과 문화) ",고바야시 유우코,28000,0.0,전체 이용가,https://comicthumb-phinf.pstatic.net/20150618_129/pocket_1434582308398f7DaY_JPEG/kpc27042248203703495639788960514683.jpg?type=m260
9788960479494,어학,영어 말문트기 30일 패턴훈련 (epub3) (영어로 입이 트이는 가장 쉽고 빠른 방법!) ,오석태,9100,0.0,전체 이용가,https://comicthumb-phinf.pstatic.net/20150617_115/pocket_1434495617220Q4aDD_JPEG/kpc15210969305514015799788960479678.jpg?type=m260
9788960479272,어학,중국어 첫걸음 무작정 따라하기 (epub3) ,송재복,10500,0.0,전체 이용가,https://comicthumb-phinf.pstatic.net/20220919_132/pocket_1663595506611lyUa1_JPEG/KPC1000074663.jpg?type=m260
9788960479296,어학,프랑스어 회화 핵심패턴 233 ,박만규,11200,0.0,전체 이용가,https://comicthumb-phinf.pstatic.net/20150602_110/pocket_1433199711163TCXBj_JPEG/kpc7151868778239416919788960479593.jpg?type=m260
9788960479296,어학,프랑스어 회화 핵심패턴 233 (epub3) ,박만규,11200,10.0,전체 이용가,https://comicthumb-phinf.pstatic.net/20220919_185/pocket_16635953585300hNBJ_JPEG/KPC1000074946.jpg?type=m260
9788960479098,어학,비즈니스 일본어회화&이메일 핵심패턴 233 (epub3) (일본 비즈니스의 모든 상황은 233개 패턴으로 이뤄진다!) ,인현진,11800,10.0,전체 이용가,https://comicthumb-phinf.pstatic.net/20230112_222/pocket_1673478331316baCcq_JPEG/kpc27956720494219760209788960479562.jpg?type=m260
9788960479098,어학,비즈니스 일본어회화&이메일 핵심패턴 233 (일본 비즈니스의 모든 상황은 233개 패턴으로 이뤄진다!) ,인현진,11800,0.0,전체 이용가,https://comicthumb-phinf.pstatic.net/20150513_182/pocket_14314722639959mngu_JPEG/kpc11011904129692808769788960479562.jpg?type=m260
9788901061115,어학,아이작의 100단어로 즐기는 영어 커뮤니케이션 ,아이작 더스트,5880,0.0,전체 이용가,https://comicthumb-phinf.pstatic.net/20150331_57/pocket_1427791124350SzN0z_JPEG/_100__.jpg?type=m260
9788901166216,어학,초심자를 위한 지극히 주관적인 영어잡담  ,채종성,8400,10.0,전체 이용가,https://comicthumb-phinf.pstatic.net/20141216_177/pocket_1418713699498DybBb_JPEG/image.JPEG?type=m260
9788960479029,어학,영어회화 무작정 따라하기 (epub3) (10년 넘게 실패한 영어 초보자도 100일이면 다시 태어난다) ,오석태,10500,0.0,전체 이용가,https://comicthumb-phinf.pstatic.net/20150121_2/pocket_1421796492085KnPx5_JPEG/kpc31919334501392693069788960479029.jpg?type=m260
9788960479029,어학,영어회화 무작정 따라하기 (10년 넘게 실패한 영어 초보자도 100일이면 다시 태어난다) ,오석태,10500,7.5,전체 이용가,https://comicthumb-phinf.pstatic.net/20150121_214/pocket_1421795526829WjMBO_JPEG/kpc78611399626651876129788960479029.jpg?type=m260
9788960478985,어학,네이티브는 쉬운영어로 말한다 1000문장편 (epub3) ,박수진,10500,0.0,전체 이용가,https://comicthumb-phinf.pstatic.net/20220919_92/pocket_1663595271336rg0Sp_JPEG/KPC1000070284.jpg?type=m260
9788960478985,어학,네이티브는 쉬운영어로 말한다 1000문장편 ,박수진,10500,0.0,전체 이용가,https://comicthumb-phinf.pstatic.net/20141230_196/pocket_1419909130325cC4xa_JPEG/kpc2859962031651158529788960479364.jpg?type=m260
9788993454512,어학,TOPIK 필수어휘 1000 중급 (2012) ,국제한국어교육자협회 연구회,7700,0.0,전체 이용가,https://comicthumb-phinf.pstatic.net/20141230_148/pocket_1419909290931o6Mry_JPEG/kpc45674263744100679759788993454918.jpg?type=m260
9788960478923,어학,시나공 OPlc BASIC (시험에 나오는 것만 공부한다!) ,전미성,9100,10.0,전체 이용가,https://comicthumb-phinf.pstatic.net/20141223_204/pocket_1419305301380Nb1Ik_JPEG/kpc37054874970906294769788960478923.jpg?type=m260
9788960478923,어학,시나공 OPIc BASIC (epub3.0) (시험에 나오는 것만 공부한다!) ,전미성,9100,0.0,전체 이용가,https://comicthumb-phinf.pstatic.net/20230309_259/pocket_1678316809982eyqyb_JPEG/kpc91146159411285728869788960478923.jpg?type=m260
9788960478954,어학,중국어 필수 단어 무작정 따라하기 (epub3) ,김태성,9100,0.0,전체 이용가,https://comicthumb-phinf.pstatic.net/20141202_222/pocket_1417491406022ALhzW_JPEG/kpc64227255468588857439788960478954.jpg?type=m260
9788960478954,어학,중국어 필수 단어 무작정 따라하기 ,김태성,9100,0.0,전체 이용가,https://comicthumb-phinf.pstatic.net/20141202_189/pocket_1417491599986s9oeH_JPEG/kpc88563832673936909819788960478954.jpg?type=m260
9788996512318,어학,메신저 & 트위터 영어 ,송용진,7200,0.0,전체 이용가,https://comicthumb-phinf.pstatic.net/20141119_132/pocket_1416355526353GlaY8_JPEG/kyobo7765102945579850739l9788996512318.jpg?type=m260
9788931576139,어학,불평불만 영문법 (초보의 심정을 모르는 기존 영문법 책들에 대한 불만 46가지) ,장지현,9660,0.0,전체 이용가,https://comicthumb-phinf.pstatic.net/20141119_42/pocket_1416355879323NMYdr_JPEG/kyobo910010189284664951l9788931576139.jpg?type=m260
9788931575491,어학,보컬 트레이닝이 정답이다 (한국인을 위한 최상의 영어 말하기 훈련법 보컬트레이닝) ,이기원,9660,0.0,전체 이용가,https://comicthumb-phinf.pstatic.net/20141119_265/pocket_1416355899685FcUt5_JPEG/kyobo4799420434927772357l9788931575491.jpg?type=m260
9788960478756,어학,시나공 JPT 적중 2400제 청해 해설집 (epub3) (고득점을 위한 실전 모의고사) ,JPT초고수위원회,8400,0.0,전체 이용가,https://comicthumb-phinf.pstatic.net/20141114_281/pocket_1415934463754oGl6A_JPEG/kpc12273518762324679029788960478756.jpg?type=m260
9788960478756,어학,시나공 JPT 적중 2400제 청해 해설집 (고득점을 위한 실전 모의고사) ,JPT초고수위원회,8400,0.0,전체 이용가,https://comicthumb-phinf.pstatic.net/20141114_141/pocket_1415934768964OGgzR_JPEG/kpc70855320507998283659788960478756.jpg?type=m260
9788901163277,어학,Animal Farm (동물농장) 오리지널 그대로 읽는 감동 단추 시리즈 ,Claire Park,10400,0.0,전체 이용가,https://comicthumb-phinf.pstatic.net/20141106_120/pocket_1415253169054YoFcu_JPEG/image.JPEG?type=m260
9788901163307,어학,Daddy-Long-Legs2 (키다리 아저씨2) 오리지널 그대로 읽는 감동 단추 시리즈 ,진 웹스터(Jean Webster),8800,0.0,전체 이용가,https://comicthumb-phinf.pstatic.net/20141106_231/pocket_1415251960104YDcoX_JPEG/_2.jpg?type=m260
9788901163291,어학,Daddy-Long-Legs1 (키다리 아저씨1) 오리지널 그대로 읽는 감동 단추 시리즈 ,진 웹스터(Jean Webster),8000,10.0,전체 이용가,https://comicthumb-phinf.pstatic.net/20141106_218/pocket_1415251768100qHExq_JPEG/_1.jpg?type=m260
9788960478848,어학,일본어 무작정 따라하기 (듣기만 해도 말이 나오는 후지이 선생님의 소리 패턴 학습법) ,후지이 아사리,10500,8.0,전체 이용가,https://comicthumb-phinf.pstatic.net/20141106_249/pocket_141524301815763a0Q_JPEG/kpc7482160396890396479788960479128.jpg?type=m260
9788960478848,어학,일본어 무작정 따라하기 (epub3) (듣기만 해도 말이 나오는 후지이 선생님의 소리 패턴 학습법) ,후지이 아사리,10500,0.0,전체 이용가,https://comicthumb-phinf.pstatic.net/20141106_264/pocket_14152430431478hSpG_JPEG/kpc17756314791145752829788960479128.jpg?type=m260
9788960478824,어학,어학연수 현지회화 무작정 따라하기 (여권 없이 떠나는 미국 어학연수) ,라이언 강,13300,0.0,전체 이용가,https://comicthumb-phinf.pstatic.net/20141022_279/pocket_14139471138470hh9K_JPEG/kpc61872987058340343779788960478824.jpg?type=m260
9788960478824,어학,어학연수 현지회화 무작정 따라하기 (epub3) (여권 없이 떠나는 미국 어학연수) ,라이언 강,13300,0.0,전체 이용가,https://comicthumb-phinf.pstatic.net/20141022_34/pocket_14139473535773Qvt0_JPEG/kpc34220184711355069749788960478824.jpg?type=m260
9788960478855,어학,영작문 무작정 따라하기 (epub3) (50가지 영작 공식만 따라 하면 영어가 우리말처럼 술술 써진다) ,박상준,9100,5.0,전체 이용가,https://comicthumb-phinf.pstatic.net/20141022_67/pocket_1413947153631eoMXx_JPEG/kpc31902344296771786049788960478855.jpg?type=m260
9788901068084,어학,오성호 영어책 (10년 내내 초보인 당신을 위한) ,오성호,7700,7.7,전체 이용가,https://comicthumb-phinf.pstatic.net/20141015_283/pocket_1413353506140y4f0m_JPEG/CP_DATA_7568720431096312389788901068084.jpg?type=m260
9788991298835,어학,이래도 안 들려? 미드 영어 ,E&C,8600,0.0,전체 이용가,https://comicthumb-phinf.pstatic.net/20150822_276/pocket_1440203430855w8VT3_JPEG/kyobo7106454004854662859l9788991298835.jpg?type=m260
9791185482330,어학,워드픽처 (Word Picture) ,오영일,7800,0.0,전체 이용가,https://comicthumb-phinf.pstatic.net/20141009_259/pocket_1412813538539Np84I_JPEG/kyobo8695307937021469256l9791185482330.jpg?type=m260
9791155852415,어학,우리말 할 줄 알면 영어도 할 수 있다 (영어기초 이전의 기초) ,알렉싼더 전,5000,0.0,전체 이용가,https://comicthumb-phinf.pstatic.net/20140924_77/pocket_1411520603584z1v81_JPEG/kyobo558689085889635139l9791155852415.jpg?type=m260
9788961842570,어학,릴레이 영어 회화 (I am hungry로 시작하는) ,정충모,7800,0.0,전체 이용가,https://comicthumb-phinf.pstatic.net/20140916_82/pocket_1410826258324o4tns_JPEG/kyobo7853664887705111769l9788961842570.jpg?type=m260
9788974648985,어학,번역학과 번역철학 ,윤성우,16000,0.0,전체 이용가,https://comicthumb-phinf.pstatic.net/20140916_75/pocket_1410836598845B91LH_JPEG/kpc60200887962220058379788974648985.jpg?type=m260
9788961840385,어학,일본어의 본질 (일본인의 시각에서 본 새로운 일본어 문법 해석) ,모리타 요시유키,7200,0.0,전체 이용가,https://comicthumb-phinf.pstatic.net/20140906_15/pocket_1409961890131FhJUQ_JPEG/kyobo8907268522398546568l9788961840385.jpg?type=m260
9788971725818,어학,한줄 영어회화 START 5 ,이원준,3000,0.0,전체 이용가,https://comicthumb-phinf.pstatic.net/20140830_273/pocket_1409357339149iLDlI_JPEG/kyobo4050373135749803370l9788971725818.jpg?type=m260
9788971725801,어학,한줄 영어회화 START 4 ,이원준,3000,0.0,전체 이용가,https://comicthumb-phinf.pstatic.net/20220927_114/pocket_1664236828015Eot7L_JPEG/kyobo7169225364614951659l9788971725801.jpg?type=m260
9788971725795,어학,한줄 영어회화 START 3 ,이원준,3000,0.0,전체 이용가,https://comicthumb-phinf.pstatic.net/20140830_226/pocket_1409357346274xxOcc_JPEG/kyobo376087511629103726l9788971725795.jpg?type=m260
9788971725788,어학,한줄 영어회화 START 2 ,이원준,3000,0.0,전체 이용가,https://comicthumb-phinf.pstatic.net/20140830_198/pocket_1409357348967Lnao6_JPEG/kyobo5126785900332428994l9788971725788.jpg?type=m260
9788971725771,어학,한줄 영어회화 START 1 ,이원준,3000,0.0,전체 이용가,https://comicthumb-phinf.pstatic.net/20140830_273/pocket_1409357351456RgOqJ_JPEG/kyobo3168761203370065152l9788971725771.jpg?type=m260
9788990856678,어학,입이 뻥 뚫리는 영어패턴 35 (I am Tom만 알아도) ,이수미,8400,0.0,전체 이용가,https://comicthumb-phinf.pstatic.net/20140822_258/pocket_1408676651024K1d68_JPEG/kpc14878365178711539129788990856678.jpg?type=m260
9788964498668,어학,영단어 고급콘텐츠로 익혀라 (고급콘텐츠 영어 공부법 인문학 교양 논술을 한번에 해결) ,전왕,11400,0.0,전체 이용가,https://comicthumb-phinf.pstatic.net/20140819_91/pocket_14084071874388PY7s_JPEG/kyobo4430548346182658111l9788964498668.jpg?type=m260
9788973183777,어학,I'm Your BooK: 네이티브가 사용하는 영어패턴은 따로 있다 ,Jaymax Lee (이충훈),6000,9.0,전체 이용가,https://comicthumb-phinf.pstatic.net/20150822_147/pocket_1440203558161WwsbI_JPEG/kyobo4542550830268930182l9788973183777.jpg?type=m260
9788961841344,어학,문답식 일본어 경어 ,안병곤,7200,0.0,전체 이용가,https://comicthumb-phinf.pstatic.net/20140815_42/pocket_1408067073642kYHSd_JPEG/kyobo8182869802567539736l9788961841344.jpg?type=m260
9791195140411,어학,명언영어 ,좋은기획팀,5000,0.0,전체 이용가,https://comicthumb-phinf.pstatic.net/20140813_141/pocket_14078992608765NClh_JPEG/kpc69346588880539393199791195140411.jpg?type=m260
9788961842891,어학,회화를 위한 거꾸로 영문법 (문법으로 확 잡아주는 영어 강의) ,이정아,7200,0.0,전체 이용가,https://comicthumb-phinf.pstatic.net/20140806_26/pocket_1407284498317BULJS_JPEG/kyobo1462783634229581762l9788961842891.jpg?type=m260
9788964200537,어학,처음부터 실패 없는 일본어 번역 ,윤지나,7200,8.0,전체 이용가,https://comicthumb-phinf.pstatic.net/20140730_169/pocket_1406679324350EecEg_JPEG/kyobo981894244499939885l9788964200537.jpg?type=m260
9788998171018,어학,"힐링 멘토 (EBS 영어 지문으로 배우는 감성 멘토링,EBS에서 길을 찾다) ",오선화,8200,0.0,전체 이용가,https://comicthumb-phinf.pstatic.net/20140719_243/pocket_14057283075264R0QH_JPEG/kyobo1412660754645697739l9788998171018.jpg?type=m260
9788968930164,어학,여성 김대리의 영어일기 (절대공감 직장인용 영어책) ,장승진,8400,0.0,전체 이용가,https://comicthumb-phinf.pstatic.net/20140718_228/pocket_1405642337595wI4CM_JPEG/kyobo8216913434486365296l9788968930164.jpg?type=m260
9788968930096,어학,김대리의 영어일기 (절대공감 직장인용 영어책) ,장승진,9450,0.0,전체 이용가,https://comicthumb-phinf.pstatic.net/20140718_115/pocket_1405642350644J3beN_JPEG/kyobo8581215392648751133l9788968930096.jpg?type=m260
9788963705491,어학,토익공부 하지마 (토익공부를 하지 않았는데도 토익점수가 저절로 오르는 법) ,김지완,6480,0.0,전체 이용가,https://comicthumb-phinf.pstatic.net/20140707_55/pocket_1404721264826XX6Kd_JPEG/CP_DATA_74574041058432837559788963705989.jpg?type=m260
9788963701202,어학,큰소리 영어학습법 (평범한 사람들은 모르는 가장 단순한 영어 학습의 비밀) ,곽세운,7290,10.0,전체 이용가,https://comicthumb-phinf.pstatic.net/20140707_280/pocket_14047212477414RVpb_JPEG/CP_DATA_90612174299923814279788963704005.jpg?type=m260
9788963703008,어학,영어 토론의 달인들 ,권도형,6480,10.0,전체 이용가,https://comicthumb-phinf.pstatic.net/20140707_297/pocket_1404720831807bTrXm_JPEG/CP_DATA_38227240706637011449788963706993.jpg?type=m260
9788971725054,어학,아들에게 보내는 아버지의 편지 세트 (전2권) ,필립 체스터필드,4750,0.0,전체 이용가,https://comicthumb-phinf.pstatic.net/20140712_168/pocket_1405125059038Gk6al_JPEG/kyobo6833547597887477351l9788971725054.jpg?type=m260
9788971724385,어학,어린왕자 SET (한영 합본) ,생텍쥐페리,4750,0.0,전체 이용가,https://comicthumb-phinf.pstatic.net/20140712_2/pocket_14051250873043lJKC_JPEG/kyobo3781672971131118152l9788971724385.jpg?type=m260
9788963701356,어학,나는 영어로 미국을 이겼다 (가장 빨리 영어를 마스터하는 10개의 영어기술) ,김재연,7020,0.0,전체 이용가,https://comicthumb-phinf.pstatic.net/20140707_255/pocket_14047200753429pVgM_JPEG/CP_DATA_52403684779077875379788963703299.jpg?type=m260
9788960512382,어학,월스트리트 비즈니스 영어회화 (epub3) ,이정희,11200,0.0,전체 이용가,https://comicthumb-phinf.pstatic.net/20140625_156/pocket_1403665353389tMQBd_JPEG/kpc39475237195521789729788960514058.jpg?type=m260
9788960478510,어학,드라마 중국어회화 핵심패턴 233 ,임대근,11100,5.0,전체 이용가,https://comicthumb-phinf.pstatic.net/20140710_295/pocket_1404962063257offYU_JPEG/kpc56008843013244349739788960478510.jpg?type=m260
9788960478510,어학,드라마 중국어회화 핵심패턴 233 (epub3) ,임대근,11100,0.0,전체 이용가,https://comicthumb-phinf.pstatic.net/20140710_149/pocket_1404962082230D9mtB_JPEG/kpc88994027327373837159788960478510.jpg?type=m260
9788964200230,어학,그래서 민수는 아이비리그에 갔나 (민수를 위한 색다른 영어 과외 일기) ,THOMAS FREDERIKSEN,4200,0.0,전체 이용가,https://comicthumb-phinf.pstatic.net/20140710_130/pocket_1404951403133ilkCP_JPEG/kyobo3257379112433782950l9788964200230.jpg?type=m260
9788971723777,어학,위대한 개츠비 (한글판+영문판) ,F. 스콧 피츠제럴드,4750,0.0,전체 이용가,https://comicthumb-phinf.pstatic.net/20140705_59/pocket_1404519344234ybyiR_JPEG/kyobo6750407149109632468l9788971723777.jpg?type=m260
9791155852132,어학,똥사 영문법 2 ,석원탁,7000,0.0,전체 이용가,https://comicthumb-phinf.pstatic.net/20140702_243/pocket_1404260146428BsEix_JPEG/kyobo1661776765138969746l9791155852132.jpg?type=m260
9788991068575,어학,"꼭 필요한 영어회화 베스트 패턴 66 (주제별 핵심패턴,영어회화에 꼭 필요한 패턴만을 봅아 주제별로 엮은 학습서) ",박원규,6000,10.0,전체 이용가,https://comicthumb-phinf.pstatic.net/20140628_147/pocket_1403913872525uvp0d_JPEG/kyobo4264944930670353851l9788991068575.jpg?type=m260
9788972432876,어학,서양고사일화(서문문고 87) ,홍윤기,4000,0.0,전체 이용가,https://comicthumb-phinf.pstatic.net/20150512_169/pocket_1431389111383BSehX_JPEG/kyobo3699435275270329630l9788972432876.jpg?type=m260
9788995033821,어학,영어하산 리스닝 스피킹 (게리오웬의) ,Garryowen J. Rhee,9000,0.0,전체 이용가,https://comicthumb-phinf.pstatic.net/20140619_137/pocket_1403136168131I5aja_JPEG/kyobo4926925578332656060l9788995033821.jpg?type=m260
9791155851715,어학,나만의 영어를 세워라 ,강만구,9900,0.0,전체 이용가,https://comicthumb-phinf.pstatic.net/20140613_15/pocket_1402618763959Y40Y6_JPEG/kyobo9074279891398720059l9791155851715.jpg?type=m260
9788964495285,어학,영어로 웃기다 (유머를 영어로 이야기 해보자) ,배이,7200,0.0,전체 이용가,https://comicthumb-phinf.pstatic.net/20140526_221/pocket_1401087542635UF3CA_JPEG/177214.jpg?type=m260
9788960478251,어학,스페인어 회화 핵심패턴 233 [ePub3.0] ,마야 허,11100,0.0,전체 이용가,https://comicthumb-phinf.pstatic.net/20140603_74/pocket_14017644903460bzHp_JPEG/kpc76987723602672440629788960478251.jpg?type=m260
9788960478251,어학,스페인어 회화 핵심패턴 233 ,마야 허,11100,10.0,전체 이용가,https://comicthumb-phinf.pstatic.net/20140603_151/pocket_1401765214754o7bzI_JPEG/kpc46482562577228608519788960478251.jpg?type=m260
9788960478268,어학,영작문 핵심패턴 233 (epub3) (233개 패턴으로 어떤 글이든 막힘없이 술술 써진다) ,정은순,11100,0.0,전체 이용가,https://comicthumb-phinf.pstatic.net/20140416_255/pocket_1397618198819iekTW_JPEG/kpc30946454468936031279788960478268.jpg?type=m260
9788960478268,어학,영작문 핵심패턴 233 (233개 패턴으로 어떤 글이든 막힘없이 술술 써진다) ,정은순,11100,0.0,전체 이용가,https://comicthumb-phinf.pstatic.net/20140416_71/pocket_13976180881111k9J5_JPEG/kpc2902051513285161189788960478268.jpg?type=m260
9788960477902,어학,시나공 JLPT 일본어능력시험 N1 실전 모의고사 시즌2 (epub3) ,성윤아,10500,0.0,전체 이용가,https://comicthumb-phinf.pstatic.net/20140108_182/pocket_13891502865936BXod_JPEG/kpc11459993542244559209788960477902.jpg?type=m260
9788960477964,어학,영문법 핵심패턴 233 (epub3) ,이리라,11900,0.0,전체 이용가,https://comicthumb-phinf.pstatic.net/20150212_29/pocket_1423695603329r1OtT_JPEG/kpc29413970449553297209788960477964.jpg?type=m260
9788960477919,어학,시나공 JLPT 일본어능력시험 N2 실전 모의고사 시즌2 (epub3) ,이신혜,10500,0.0,전체 이용가,https://comicthumb-phinf.pstatic.net/20140130_223/pocket_1391051042421u5JWF_JPEG/kpc2479603835544845609788960477919.jpg?type=m260
9791155320389,어학,영어를 한국어처럼 배우는 멘토 기본 영어 ,국영호,7000,0.0,전체 이용가,https://comicthumb-phinf.pstatic.net/20140328_286/pocket_139597579242914WjF_PNG/kpc66449704274104207549791155320389.png?type=m260
9788960477919,어학,시나공 JLPT 일본어능력시험 N2 실전 모의고사 시즌2 ,이신혜,10500,0.0,전체 이용가,https://comicthumb-phinf.pstatic.net/20140130_23/pocket_1391051021051xAgT3_JPEG/kpc87926259619895076239788960477919.jpg?type=m260
9788960478039,어학,영어 리딩 핵심패턴 233 (233개 패턴으로 빠르고 정확하게 읽는다) ,이선욱,11900,0.0,전체 이용가,https://comicthumb-phinf.pstatic.net/20140130_288/pocket_1391051015322s6Lfy_JPEG/kpc53118492304316474619788960478039.jpg?type=m260
9788960477964,어학,영문법 핵심패턴 233 ,이리라,11900,0.0,전체 이용가,https://comicthumb-phinf.pstatic.net/20150212_236/pocket_1423695611443JDIxI_JPEG/kpc5398740465480135249788960477964.jpg?type=m260
9788960513327,어학,원서보다 먼저읽는 영어로 물리학 ,원서읽기연구소,9800,0.0,전체 이용가,https://comicthumb-phinf.pstatic.net/20140107_128/pocket_1389063793223yyCb3_JPEG/kpc46487147522159049809788960513334.jpg?type=m260
9788962920147,어학,리얼라이프한국어 ,김덕신,9600,0.0,전체 이용가,https://comicthumb-phinf.pstatic.net/20131227_247/pocket_1388113463421ewLgF_JPEG/kpc81015297821245970449788962920147.jpg?type=m260
9788955661446,어학,시사 영작을 하는 10가지 공식 ,이창섭,10500,0.0,전체 이용가,https://comicthumb-phinf.pstatic.net/20131220_142/pocket_13875085730739xxrk_JPEG/kpc8532445008229719789788955661446.jpg?type=m260
9788960477063,어학,하루 3문장 영어일기 무작정 따라하기 ,장계성,15400,0.0,전체 이용가,https://comicthumb-phinf.pstatic.net/20131218_180/pocket_1387336342190ykzV4_JPEG/kpc26246659491529384879788960477063.jpg?type=m260
9788960471559,어학,문단열의 자동암기 영어회화(epub3) 5 ,문단열,6900,0.0,전체 이용가,https://comicthumb-phinf.pstatic.net/20130629_284/pocket_1372477101252Edb4B_JPEG/kpc7452008817659410669788960473478.jpg?type=m260
9788960471542,어학,문단열의 자동암기 영어회화(epub3) 4 ,문단열,6900,0.0,전체 이용가,https://comicthumb-phinf.pstatic.net/20130629_215/pocket_1372477340135PhBl0_JPEG/kpc53518571194961010999788960473461.jpg?type=m260
9788960471535,어학,문단열의 자동암기 영어회화 3 (epub3) ,문단열,6900,0.0,전체 이용가,https://comicthumb-phinf.pstatic.net/20130629_62/pocket_137247697580919EKo_JPEG/kpc45262295708132141329788960473454.jpg?type=m260
9788960471528,어학,문단열의 자동암기 영어회화(epub3) 2 ,문단열,6900,0.0,전체 이용가,https://comicthumb-phinf.pstatic.net/20160312_1/pocket_14577372122521W0FX_JPEG/kpc4584023613715303069788960473447.jpg?type=m260
9788960477780,어학,시나공 OPIc(epub3) ,김태윤,12600,0.0,전체 이용가,https://comicthumb-phinf.pstatic.net/20131008_246/pocket_1381201474369BpxUO_JPEG/kpc65702649595256287889788960477889.jpg?type=m260
9788960476226,어학,시나공 OPIc 단기완성(epub3) ,전미성,9000,0.0,전체 이용가,https://comicthumb-phinf.pstatic.net/20130702_109/pocket_1372736510938AvtqJ_JPEG/kpc39381009443485522619788960476493.jpg?type=m260
9788960474802,어학,"영어 동사, 전치사 무작정 따라하기; 1000개 그림으로 총정리하는 (epub3) ",권은희,11200,0.0,전체 이용가,https://comicthumb-phinf.pstatic.net/20130702_279/pocket_1372734392964yt5gp_JPEG/kpc13500563168358342409788960476189.jpg?type=m260
9788960472464,어학,영어 리스닝 핵심패턴 233(epub3) ,민현정,11800,0.0,전체 이용가,https://comicthumb-phinf.pstatic.net/20130622_126/pocket_1371870160387oNExc_JPEG/kpc15498878089118566579788960475779.jpg?type=m260
9788960474116,어학,우리말 자음과 모음으로 쉽게 읽는 일본어 한자 무작정 따라하기(epub3) ,정선영,11200,0.0,전체 이용가,https://comicthumb-phinf.pstatic.net/20131023_38/pocket_1382497361484t3Wd6_JPEG/kpc8892621912026235769788960475755.jpg?type=m260
9788960477780,어학,시나공 OPIc ,김태윤,12600,0.0,전체 이용가,https://comicthumb-phinf.pstatic.net/20131008_49/pocket_1381201648527gnhGw_JPEG/kpc877662033141629329788960477889.jpg?type=m260
9788960473713,어학,중학교 교과서로 다시 시작하는 Try again 기초 영문법(합본)(epub3) ,문단열,11200,0.0,전체 이용가,https://comicthumb-phinf.pstatic.net/20130702_4/pocket_1372736275907YprEe_JPEG/kpc82676596701718578549788960475670.jpg?type=m260
9788960473713,어학,중학교 교과서로 다시 시작하는 Try again 기초 영문법(기본서)(epub3) ,문단열,6000,0.0,전체 이용가,https://comicthumb-phinf.pstatic.net/20130702_8/pocket_1372737133220XrbYo_JPEG/kpc68652887163034268539788960475878.jpg?type=m260
9788960473713,어학,중학교 교과서로 다시 시작하는 Try again 기초 영문법(워크북)(epub3) ,문단열,5200,0.0,전체 이용가,https://comicthumb-phinf.pstatic.net/20130702_53/pocket_1372736079933KuKr0_JPEG/kpc21784588908711048809788960475885.jpg?type=m260
9788960475540,어학,토익 스피킹 핵심패턴 233 (epub3) ,하미진,9800,0.0,전체 이용가,https://comicthumb-phinf.pstatic.net/20130829_160/pocket_1377745319255XXDfp_JPEG/kpc28066559811074019699788960475731.jpg?type=m260
9788960513204,어학,번역 이럴 땐 이렇게 (분야별 상황별 주제별 영어 번역 강의) ,조원미,10360,10.0,전체 이용가,https://comicthumb-phinf.pstatic.net/20130821_56/pocket_1377054542952QWvb1_JPEG/kpc88425913271240349779788960513211.jpg?type=m260
9788955966527,어학,MAGIC KOREAN 매직 코리안 1 (Mastering Korean for Beginners in 31 days) ,곽상흔,13000,0.0,전체 이용가,https://comicthumb-phinf.pstatic.net/20130725_178/pocket_1374721424483FP5j0_JPEG/kpc50575599327996625529788955966527.jpg?type=m260
9788960512979,어학,원서보다 먼저 읽는 영어로 화학 ,원서읽기연구소,9800,0.0,전체 이용가,https://comicthumb-phinf.pstatic.net/20130629_122/pocket_1372477330339Uitkn_JPEG/kpc50390498385119329069788960513181.jpg?type=m260
9788960512962,어학,원서보다 먼저 읽는 영어로 지구과학 ,원서읽기연구소,9800,0.0,전체 이용가,https://comicthumb-phinf.pstatic.net/20130629_298/pocket_1372477088336cHfXM_JPEG/kpc41583641942559339939788960513174.jpg?type=m260
9788960512955,어학,원서보다 먼저 읽는 영어로 생물학 ,원서읽기연구소,9800,0.0,전체 이용가,https://comicthumb-phinf.pstatic.net/20130629_28/pocket_1372477081097UagQU_JPEG/kpc72605213090524472329788960513167.jpg?type=m260
9788934917595,어학,대한민국은 받아쓰기 중 ,정재환,6950,0.0,전체 이용가,https://comicthumb-phinf.pstatic.net/20130629_60/pocket_1372475186431H95P2_JPEG/kpc42488490365726174459788934917595.jpg?type=m260
9788962920734,어학,제3회 한국어교육능력 검정시험 ,서경숙,5000,0.0,전체 이용가,https://comicthumb-phinf.pstatic.net/20130610_42/pocket_1370826868255Gbaxn_JPEG/_3.jpg?type=m260
9788962920208,어학, 제2회 한국어교육능력 검정시험 ,서경숙,5000,10.0,전체 이용가,https://comicthumb-phinf.pstatic.net/20130604_55/pocket_1370315058395uPkpW_JPEG/kpc10003461128041751289788962920208.jpg?type=m260
9788978789370,어학,제1회 한국어교육능력검정시험 ,서경숙,5000,10.0,전체 이용가,https://comicthumb-phinf.pstatic.net/20130604_34/pocket_1370315084923aUs1L_JPEG/kpc42839215709695627439788978789370.jpg?type=m260
9788962921038,어학,제4회 한국어교육능력검정시험 ,서경숙,5000,10.0,전체 이용가,https://comicthumb-phinf.pstatic.net/20130604_220/pocket_13703151015511xP84_JPEG/kpc59191634329788773899788962921038.jpg?type=m260
9788962922073,어학,제5회 한국어교육능력검정시험 ,서경숙,5000,10.0,전체 이용가,https://comicthumb-phinf.pstatic.net/20130604_66/pocket_1370315038467sttmd_JPEG/kpc42345024691908713179788962922073.jpg?type=m260
9788962923193,어학,제6회 한국어교육능력검정시험 ,서경숙,5000,10.0,전체 이용가,https://comicthumb-phinf.pstatic.net/20130604_206/pocket_1370315148358YEAUV_JPEG/kpc35761870340165994099788962923193.jpg?type=m260
9788960473713,어학,Try again! 중학교 교과서로 다시 시작하는 기초 영문법(워크북) [신세계I&C전용] ,문단열,5200,0.0,전체 이용가,https://comicthumb-phinf.pstatic.net/20130523_289/pocket_1369278189272vg9Ef_JPEG/kpc90034646978115387949788960475885.jpg?type=m260
9788953416161,어학,영문법의 이해와 문체 (영문법으로 문체를 어떻게 볼 것인가) ,조두상,19200,0.0,전체 이용가,https://comicthumb-phinf.pstatic.net/20130417_206/pocket_1366167713836JHTvM_JPEG/kpc50534981872646680019788953416161.jpg?type=m260
9788994136929,어학,연봉 3000만 원으로 우리 아이 유학 보내기 (성공적인 조기유학을 위한 제안) ,이장호,7800,0.0,전체 이용가,https://comicthumb-phinf.pstatic.net/20130405_269/pocket_1365126842833VV6Yq_JPEG/142704.jpg?type=m260
9788960474116,어학,우리말 자음과 모음으로 쉽게 읽는 일본어 한자 무작정 따라하기 ,정선영,11200,10.0,전체 이용가,https://comicthumb-phinf.pstatic.net/20220919_161/pocket_1663595204239yyYx5_JPEG/KPC1000029043.jpg?type=m260
9788960475809,어학,10대를 위한 일본어 첫걸음 (현직 일본어 교사들이 집필하여 수업에 꼭 필요한 내용만 담았다) ,JTA,6700,0.0,전체 이용가,https://comicthumb-phinf.pstatic.net/20220919_106/pocket_1663595444182USrwX_JPEG/KPC1000031213.jpg?type=m260
9788960473713,어학,Try again! 중학교 교과서로 다시 시작하는 기초 영문법 ,문단열,5200,0.0,전체 이용가,https://comicthumb-phinf.pstatic.net/20220919_60/pocket_1663595636558d9ok9_JPEG/KPC1000028250.jpg?type=m260
9788960473713,어학,Try again! 중학교 교과서로 다시 시작하는 기초 영문법 (기본서) ,문단열,6000,0.0,전체 이용가,https://comicthumb-phinf.pstatic.net/20220919_260/pocket_1663595456707LSMHO_JPEG/KPC1000028839.jpg?type=m260
9788960473713,어학,Try again! 중학교 교과서로 다시 시작하는 기초 영문법 (합본) ,문단열,11200,0.0,전체 이용가,https://comicthumb-phinf.pstatic.net/20220919_300/pocket_1663595075619liyCR_JPEG/KPC1000028844.jpg?type=m260
9788960475540,어학,토익 스피킹 핵심패턴 233 ,하미진,9800,0.0,전체 이용가,https://comicthumb-phinf.pstatic.net/20220919_2/pocket_1663595540718670kq_JPEG/KPC1000028257.jpg?type=m260
9788960472501,어학,영어회화 훈련노트 (이제는 영어로 말할 수 있다) ,제프리 김,9700,0.0,전체 이용가,https://comicthumb-phinf.pstatic.net/20220919_19/pocket_1663595237086pzvyK_JPEG/KPC1000030488.jpg?type=m260
9788960476226,어학,시나공 OPIc 단기완성 ,전미성,9000,5.3,전체 이용가,https://comicthumb-phinf.pstatic.net/20220919_228/pocket_1663595534699w7vxu_JPEG/KPC1000037834.jpg?type=m260
9788960512412,어학,단어를 보면 발음이 떠오르는 미국 영어발음법 ,전기선,8400,0.0,전체 이용가,https://comicthumb-phinf.pstatic.net/20121129_200/pocket_1354168531986yRMoL_JPEG/kpc31045024903071058739788960512504.jpg?type=m260
9788960472464,어학,영어 리스닝 핵심패턴 233 ,민현정,11800,0.0,전체 이용가,https://comicthumb-phinf.pstatic.net/20220919_276/pocket_1663595091532nihji_JPEG/KPC1000028259.jpg?type=m260
9788960512382,어학,월스트리트 비즈니스 영어회화 ,이정희,11200,9.5,전체 이용가,https://comicthumb-phinf.pstatic.net/20121129_297/pocket_13541721019932lEzU_JPEG/kpc20780750822334171149788960512436.jpg?type=m260
